Nox ID,Channel,Channel ID,Handle,URL,Name,Total Followers,Average Views,Engagement Rate,Location,Content Language,Email,Contact Type,Latest Upload,Latest Brand Post,Observed At,Email Observed At,Data Estimated,Notes
OA-N-001-1,Tik Tok,tt_open_alpha_001,OPENALPHA_PET_001,https://tiktok.example.com/@openalpha_pet_001?ref=open_alpha_case,Fully Synthetic Creator 001,140000,30000,0.04,US,EN,creator001@open-alpha.example.com,creator,2026-07-29,2026-07-10,2026-07-30T08:00:00Z,2026-07-30T08:00:00Z,false,Fully Synthetic Open Alpha Case; segment=verify_high_conflict
OA-N-002-1,Tik Tok,tt_open_alpha_002,OPENALPHA_PET_002,https://tiktok.example.com/@openalpha_pet_002?ref=open_alpha_case,Fully Synthetic Creator 002,140000,30000,0.04,US,EN,creator002@open-alpha.example.com,creator,2026-07-29,2026-07-10,2026-07-30T08:00:00Z,2026-07-30T08:00:00Z,false,Fully Synthetic Open Alpha Case; segment=verify_high_conflict
OA-N-003-1,Tik Tok,tt_open_alpha_003,OPENALPHA_PET_003,https://tiktok.example.com/@openalpha_pet_003?ref=open_alpha_case,Fully Synthetic Creator 003,140000,30000,0.04,US,EN,creator003@open-alpha.example.com,creator,2026-07-29,2026-07-10,2026-07-30T08:00:00Z,2026-07-30T08:00:00Z,false,Fully Synthetic Open Alpha Case; segment=verify_high_conflict
OA-N-004-1,Tik Tok,tt_open_alpha_004,OPENALPHA_PET_004,https://tiktok.example.com/@openalpha_pet_004?ref=open_alpha_case,Fully Synthetic Creator 004,140000,30000,0.04,US,EN,creator004@open-alpha.example.com,creator,2026-07-29,2026-07-10,2026-07-30T08:00:00Z,2026-07-30T08:00:00Z,false,Fully Synthetic Open Alpha Case; segment=verify_high_conflict
OA-N-005-1,Tik Tok,tt_open_alpha_005,OPENALPHA_PET_005,https://tiktok.example.com/@openalpha_pet_005?ref=open_alpha_case,Fully Synthetic Creator 005,140000,30000,0.04,US,EN,creator005@open-alpha.example.com,creator,2026-07-29,2026-07-10,2026-07-30T08:00:00Z,2026-07-30T08:00:00Z,false,Fully Synthetic Open Alpha Case; segment=verify_high_conflict
OA-N-006-1,Tik Tok,tt_open_alpha_006,OPENALPHA_PET_006,https://tiktok.example.com/@openalpha_pet_006?ref=open_alpha_case,Fully Synthetic Creator 006,140000,30000,0.04,US,EN,creator006@open-alpha.example.com,creator,2026-07-29,2026-07-10,2026-07-30T08:00:00Z,2026-07-30T08:00:00Z,false,Fully Synthetic Open Alpha Case; segment=verify_high_conflict
OA-N-007-1,Tik Tok,tt_open_alpha_007,OPENALPHA_PET_007,https://tiktok.example.com/@openalpha_pet_007?ref=open_alpha_case,Fully Synthetic Creator 007,140000,30000,0.04,US,EN,creator007@open-alpha.example.com,creator,2026-07-29,2026-07-10,2026-07-30T08:00:00Z,2026-07-30T08:00:00Z,false,Fully Synthetic Open Alpha Case; segment=verify_high_conflict
OA-N-008-1,Tik Tok,tt_open_alpha_008,OPENALPHA_PET_008,https://tiktok.example.com/@openalpha_pet_008?ref=open_alpha_case,Fully Synthetic Creator 008,140000,30000,0.04,US,EN,creator008@open-alpha.example.com,creator,2026-07-29,2026-07-10,2026-07-30T08:00:00Z,2026-07-30T08:00:00Z,false,Fully Synthetic Open Alpha Case; segment=verify_high_conflict
OA-N-009-1,Tik Tok,tt_open_alpha_009,OPENALPHA_PET_009,https://tiktok.example.com/@openalpha_pet_009?ref=open_alpha_case,Fully Synthetic Creator 009,140000,30000,0.04,US,EN,creator009@open-alpha.example.com,creator,2026-07-29,2026-07-10,2026-07-30T08:00:00Z,2026-07-30T08:00:00Z,false,Fully Synthetic Open Alpha Case; segment=verify_high_conflict
OA-N-010-1,Tik Tok,tt_open_alpha_010,OPENALPHA_PET_010,https://tiktok.example.com/@openalpha_pet_010?ref=open_alpha_case,Fully Synthetic Creator 010,140000,30000,0.04,US,EN,creator010@open-alpha.example.com,creator,2026-07-29,2026-07-10,2026-07-30T08:00:00Z,2026-07-30T08:00:00Z,false,Fully Synthetic Open Alpha Case; segment=verify_high_conflict
OA-N-011-1,Tik Tok,tt_open_alpha_011,OPENALPHA_PET_011,https://tiktok.example.com/@openalpha_pet_011?ref=open_alpha_case,Fully Synthetic Creator 011,140000,30000,0.04,US,EN,creator011@open-alpha.example.com,creator,2026-07-29,2026-07-10,2026-07-30T08:00:00Z,2026-07-30T08:00:00Z,false,Fully Synthetic Open Alpha Case; segment=verify_high_conflict
OA-N-012-1,Tik Tok,tt_open_alpha_012,OPENALPHA_PET_012,https://tiktok.example.com/@openalpha_pet_012?ref=open_alpha_case,Fully Synthetic Creator 012,140000,30000,0.04,US,EN,creator012@open-alpha.example.com,creator,2026-07-29,2026-07-10,2026-07-30T08:00:00Z,2026-07-30T08:00:00Z,false,Fully Synthetic Open Alpha Case; segment=verify_high_conflict
OA-N-013-1,Tik Tok,tt_open_alpha_013,OPENALPHA_PET_013,https://tiktok.example.com/@openalpha_pet_013?ref=open_alpha_case,Fully Synthetic Creator 013,140000,30000,0.04,US,EN,creator013@open-alpha.example.com,creator,2026-07-29,2026-07-10,2026-07-30T08:00:00Z,2026-07-30T08:00:00Z,false,Fully Synthetic Open Alpha Case; segment=verify_high_conflict
OA-N-014-1,Tik Tok,tt_open_alpha_014,OPENALPHA_PET_014,https://tiktok.example.com/@openalpha_pet_014?ref=open_alpha_case,Fully Synthetic Creator 014,140000,30000,0.04,US,EN,creator014@open-alpha.example.com,creator,2026-07-29,2026-07-10,2026-07-30T08:00:00Z,2026-07-30T08:00:00Z,false,Fully Synthetic Open Alpha Case; segment=verify_high_conflict
OA-N-015-1,Tik Tok,tt_open_alpha_015,OPENALPHA_PET_015,https://tiktok.example.com/@openalpha_pet_015?ref=open_alpha_case,Fully Synthetic Creator 015,140000,30000,0.04,US,EN,creator015@open-alpha.example.com,creator,2026-07-29,2026-07-10,2026-07-30T08:00:00Z,2026-07-30T08:00:00Z,false,Fully Synthetic Open Alpha Case; segment=verify_high_conflict
OA-N-016-1,Tik Tok,tt_open_alpha_016,OPENALPHA_PET_016,https://tiktok.example.com/@openalpha_pet_016?ref=open_alpha_case,Fully Synthetic Creator 016,140000,30000,0.04,US,EN,creator016@open-alpha.example.com,creator,2026-07-29,2026-07-10,2026-07-30T08:00:00Z,2026-07-30T08:00:00Z,false,Fully Synthetic Open Alpha Case; segment=verify_high_conflict
OA-N-017-1,Tik Tok,tt_open_alpha_017,OPENALPHA_PET_017,https://tiktok.example.com/@openalpha_pet_017?ref=open_alpha_case,Fully Synthetic Creator 017,140000,30000,0.04,US,EN,creator017@open-alpha.example.com,creator,2026-07-29,2026-07-10,2026-07-30T08:00:00Z,2026-07-30T08:00:00Z,false,Fully Synthetic Open Alpha Case; segment=verify_high_conflict
OA-N-018-1,Tik Tok,tt_open_alpha_018,OPENALPHA_PET_018,https://tiktok.example.com/@openalpha_pet_018?ref=open_alpha_case,Fully Synthetic Creator 018,140000,30000,0.04,US,EN,creator018@open-alpha.example.com,creator,2026-07-29,2026-07-10,2026-07-30T08:00:00Z,2026-07-30T08:00:00Z,false,Fully Synthetic Open Alpha Case; segment=verify_high_conflict
OA-N-019-1,Tik Tok,tt_open_alpha_019,OPENALPHA_PET_019,https://tiktok.example.com/@openalpha_pet_019?ref=open_alpha_case,Fully Synthetic Creator 019,100000,30000,0.04,US,EN,creator019@open-alpha.example.com,creator,2026-07-29,2026-07-10,2026-07-30T08:00:00Z,2026-07-30T08:00:00Z,false,Fully Synthetic Open Alpha Case; segment=priority
OA-N-020-1,Tik Tok,tt_open_alpha_020,OPENALPHA_PET_020,https://tiktok.example.com/@openalpha_pet_020?ref=open_alpha_case,Fully Synthetic Creator 020,100000,30000,0.04,US,EN,creator020@open-alpha.example.com,creator,2026-07-29,2026-07-10,2026-07-30T08:00:00Z,2026-07-30T08:00:00Z,false,Fully Synthetic Open Alpha Case; segment=priority
OA-N-021-1,Tik Tok,tt_open_alpha_021,OPENALPHA_PET_021,https://tiktok.example.com/@openalpha_pet_021?ref=open_alpha_case,Fully Synthetic Creator 021,100000,30000,0.04,US,EN,creator021@open-alpha.example.com,creator,2026-07-29,2026-07-10,2026-07-30T08:00:00Z,2026-07-30T08:00:00Z,false,Fully Synthetic Open Alpha Case; segment=priority
OA-N-022-1,Tik Tok,tt_open_alpha_022,OPENALPHA_PET_022,https://tiktok.example.com/@openalpha_pet_022?ref=open_alpha_case,Fully Synthetic Creator 022,100000,30000,0.04,US,EN,creator022@open-alpha.example.com,creator,2026-07-29,2026-07-10,2026-07-30T08:00:00Z,2026-07-30T08:00:00Z,false,Fully Synthetic Open Alpha Case; segment=priority
OA-N-023-1,Tik Tok,tt_open_alpha_023,OPENALPHA_PET_023,https://tiktok.example.com/@openalpha_pet_023?ref=open_alpha_case,Fully Synthetic Creator 023,100000,30000,0.04,US,EN,creator023@open-alpha.example.com,creator,2026-07-29,2026-07-10,2026-07-30T08:00:00Z,2026-07-30T08:00:00Z,false,Fully Synthetic Open Alpha Case; segment=priority
OA-N-024-1,Tik Tok,tt_open_alpha_024,OPENALPHA_PET_024,https://tiktok.example.com/@openalpha_pet_024?ref=open_alpha_case,Fully Synthetic Creator 024,100000,30000,0.04,US,EN,creator024@open-alpha.example.com,creator,2026-07-29,2026-07-10,2026-07-30T08:00:00Z,2026-07-30T08:00:00Z,false,Fully Synthetic Open Alpha Case; segment=priority
OA-N-025-1,Tik Tok,tt_open_alpha_025,OPENALPHA_PET_025,https://tiktok.example.com/@openalpha_pet_025?ref=open_alpha_case,Fully Synthetic Creator 025,100000,30000,0.04,US,EN,creator025@open-alpha.example.com,creator,2026-07-29,2026-07-10,2026-07-30T08:00:00Z,2026-07-30T08:00:00Z,false,Fully Synthetic Open Alpha Case; segment=priority
OA-N-026-1,Tik Tok,tt_open_alpha_026,OPENALPHA_PET_026,https://tiktok.example.com/@openalpha_pet_026?ref=open_alpha_case,Fully Synthetic Creator 026,100000,30000,0.04,US,EN,creator026@open-alpha.example.com,creator,2026-07-29,2026-07-10,2026-07-30T08:00:00Z,2026-07-30T08:00:00Z,false,Fully Synthetic Open Alpha Case; segment=priority
OA-N-027-1,Tik Tok,tt_open_alpha_027,OPENALPHA_PET_027,https://tiktok.example.com/@openalpha_pet_027?ref=open_alpha_case,Fully Synthetic Creator 027,100000,30000,0.04,US,EN,creator027@open-alpha.example.com,creator,2026-07-29,2026-07-10,2026-07-30T08:00:00Z,2026-07-30T08:00:00Z,false,Fully Synthetic Open Alpha Case; segment=priority
OA-N-028-1,Tik Tok,tt_open_alpha_028,OPENALPHA_PET_028,https://tiktok.example.com/@openalpha_pet_028?ref=open_alpha_case,Fully Synthetic Creator 028,100000,30000,0.04,US,EN,creator028@open-alpha.example.com,creator,2026-07-29,2026-07-10,2026-07-30T08:00:00Z,2026-07-30T08:00:00Z,false,Fully Synthetic Open Alpha Case; segment=priority
OA-N-029-1,Tik Tok,tt_open_alpha_029,OPENALPHA_PET_029,https://tiktok.example.com/@openalpha_pet_029?ref=open_alpha_case,Fully Synthetic Creator 029,100000,30000,0.04,US,EN,creator029@open-alpha.example.com,creator,2026-07-29,2026-07-10,2026-07-30T08:00:00Z,2026-07-30T08:00:00Z,false,Fully Synthetic Open Alpha Case; segment=priority
OA-N-030-1,Tik Tok,tt_open_alpha_030,OPENALPHA_PET_030,https://tiktok.example.com/@openalpha_pet_030?ref=open_alpha_case,Fully Synthetic Creator 030,100000,30000,0.04,US,EN,creator030@open-alpha.example.com,creator,2026-07-29,2026-07-10,2026-07-30T08:00:00Z,2026-07-30T08:00:00Z,false,Fully Synthetic Open Alpha Case; segment=priority
OA-N-031-1,Tik Tok,tt_open_alpha_031,OPENALPHA_PET_031,https://tiktok.example.com/@openalpha_pet_031?ref=open_alpha_case,Fully Synthetic Creator 031,100000,30000,0.04,US,EN,creator031@open-alpha.example.com,creator,2026-07-29,2026-07-10,2026-07-30T08:00:00Z,2026-07-30T08:00:00Z,false,Fully Synthetic Open Alpha Case; segment=priority
OA-N-032-1,Tik Tok,tt_open_alpha_032,OPENALPHA_PET_032,https://tiktok.example.com/@openalpha_pet_032?ref=open_alpha_case,Fully Synthetic Creator 032,100000,30000,0.04,US,EN,creator032@open-alpha.example.com,creator,2026-07-29,2026-07-10,2026-07-30T08:00:00Z,2026-07-30T08:00:00Z,false,Fully Synthetic Open Alpha Case; segment=priority
OA-N-033-1,Tik Tok,tt_open_alpha_033,OPENALPHA_PET_033,https://tiktok.example.com/@openalpha_pet_033?ref=open_alpha_case,Fully Synthetic Creator 033,100000,30000,0.04,US,EN,creator033@open-alpha.example.com,creator,2026-07-29,2026-07-10,2026-07-30T08:00:00Z,2026-07-30T08:00:00Z,false,Fully Synthetic Open Alpha Case; segment=priority
OA-N-034-1,Tik Tok,tt_open_alpha_034,OPENALPHA_PET_034,https://tiktok.example.com/@openalpha_pet_034?ref=open_alpha_case,Fully Synthetic Creator 034,100000,30000,0.04,US,EN,creator034@open-alpha.example.com,creator,2026-07-29,2026-07-10,2026-07-30T08:00:00Z,2026-07-30T08:00:00Z,false,Fully Synthetic Open Alpha Case; segment=priority
OA-N-035-1,Tik Tok,tt_open_alpha_035,OPENALPHA_PET_035,https://tiktok.example.com/@openalpha_pet_035?ref=open_alpha_case,Fully Synthetic Creator 035,100000,30000,0.04,US,EN,creator035@open-alpha.example.com,creator,2026-07-29,2026-07-10,2026-07-30T08:00:00Z,2026-07-30T08:00:00Z,false,Fully Synthetic Open Alpha Case; segment=priority
OA-N-036-1,Tik Tok,tt_open_alpha_036,OPENALPHA_PET_036,https://tiktok.example.com/@openalpha_pet_036?ref=open_alpha_case,Fully Synthetic Creator 036,100000,30000,0.04,US,EN,creator036@open-alpha.example.com,creator,2026-07-29,2026-07-10,2026-07-30T08:00:00Z,2026-07-30T08:00:00Z,false,Fully Synthetic Open Alpha Case; segment=priority
OA-N-037-1,Tik Tok,tt_open_alpha_037,OPENALPHA_PET_037,https://tiktok.example.com/@openalpha_pet_037?ref=open_alpha_case,Fully Synthetic Creator 037,100000,30000,0.04,US,EN,creator037@open-alpha.example.com,creator,2026-07-29,2026-07-10,2026-07-30T08:00:00Z,2026-07-30T08:00:00Z,false,Fully Synthetic Open Alpha Case; segment=priority
OA-N-038-1,Tik Tok,tt_open_alpha_038,OPENALPHA_PET_038,https://tiktok.example.com/@openalpha_pet_038?ref=open_alpha_case,Fully Synthetic Creator 038,100000,30000,0.04,US,EN,creator038@open-alpha.example.com,creator,2026-07-29,2026-07-10,2026-07-30T08:00:00Z,2026-07-30T08:00:00Z,false,Fully Synthetic Open Alpha Case; segment=priority
OA-N-039-1,Tik Tok,tt_open_alpha_039,OPENALPHA_PET_039,https://tiktok.example.com/@openalpha_pet_039?ref=open_alpha_case,Fully Synthetic Creator 039,100000,30000,0.04,BR,PT,creator039@open-alpha.example.com,creator,2026-07-29,2026-07-10,2026-07-30T08:00:00Z,2026-07-30T08:00:00Z,false,Fully Synthetic Open Alpha Case; segment=excluded_duplicate
OA-N-040-1,Tik Tok,tt_open_alpha_040,OPENALPHA_PET_040,https://tiktok.example.com/@openalpha_pet_040?ref=open_alpha_case,Fully Synthetic Creator 040,100000,30000,0.04,BR,PT,creator040@open-alpha.example.com,creator,2026-07-29,2026-07-10,2026-07-30T08:00:00Z,2026-07-30T08:00:00Z,false,Fully Synthetic Open Alpha Case; segment=excluded_duplicate
OA-N-041-1,Tik Tok,tt_open_alpha_041,OPENALPHA_PET_041,https://tiktok.example.com/@openalpha_pet_041?ref=open_alpha_case,Fully Synthetic Creator 041,100000,30000,0.04,BR,PT,creator041@open-alpha.example.com,creator,2026-07-29,2026-07-10,2026-07-30T08:00:00Z,2026-07-30T08:00:00Z,false,Fully Synthetic Open Alpha Case; segment=excluded_duplicate
OA-N-042-1,Tik Tok,tt_open_alpha_042,OPENALPHA_PET_042,https://tiktok.example.com/@openalpha_pet_042?ref=open_alpha_case,Fully Synthetic Creator 042,100000,30000,0.04,BR,PT,creator042@open-alpha.example.com,creator,2026-07-29,2026-07-10,2026-07-30T08:00:00Z,2026-07-30T08:00:00Z,false,Fully Synthetic Open Alpha Case; segment=excluded_duplicate
OA-N-043-1,Tik Tok,tt_open_alpha_043,OPENALPHA_PET_043,https://tiktok.example.com/@openalpha_pet_043?ref=open_alpha_case,Fully Synthetic Creator 043,100000,30000,0.04,BR,PT,creator043@open-alpha.example.com,creator,2026-07-29,2026-07-10,2026-07-30T08:00:00Z,2026-07-30T08:00:00Z,false,Fully Synthetic Open Alpha Case; segment=excluded_duplicate
OA-N-044-1,Tik Tok,tt_open_alpha_044,OPENALPHA_PET_044,https://tiktok.example.com/@openalpha_pet_044?ref=open_alpha_case,Fully Synthetic Creator 044,100000,30000,0.04,BR,PT,creator044@open-alpha.example.com,creator,2026-07-29,2026-07-10,2026-07-30T08:00:00Z,2026-07-30T08:00:00Z,false,Fully Synthetic Open Alpha Case; segment=excluded_duplicate
OA-N-045-1,Tik Tok,tt_open_alpha_045,OPENALPHA_PET_045,https://tiktok.example.com/@openalpha_pet_045?ref=open_alpha_case,Fully Synthetic Creator 045,100000,30000,0.04,BR,PT,creator045@open-alpha.example.com,creator,2026-07-29,2026-07-10,2026-07-30T08:00:00Z,2026-07-30T08:00:00Z,false,Fully Synthetic Open Alpha Case; segment=excluded_duplicate
OA-N-046-1,Tik Tok,tt_open_alpha_046,OPENALPHA_PET_046,https://tiktok.example.com/@openalpha_pet_046?ref=open_alpha_case,Fully Synthetic Creator 046,100000,30000,0.04,BR,PT,creator046@open-alpha.example.com,creator,2026-07-29,2026-07-10,2026-07-30T08:00:00Z,2026-07-30T08:00:00Z,false,Fully Synthetic Open Alpha Case; segment=excluded_duplicate
OA-N-121-1,Tik Tok,tt_open_alpha_121,OPENALPHA_PET_121,https://tiktok.example.com/@openalpha_pet_121?ref=open_alpha_case,Fully Synthetic Creator 121,100000,30000,0.04,BR,PT,creator121@open-alpha.example.com,creator,2026-07-29,2026-07-10,2026-07-30T08:00:00Z,2026-07-30T08:00:00Z,false,Fully Synthetic Open Alpha Case; segment=excluded_market
OA-N-122-1,Tik Tok,tt_open_alpha_122,OPENALPHA_PET_122,https://tiktok.example.com/@openalpha_pet_122?ref=open_alpha_case,Fully Synthetic Creator 122,100000,30000,0.04,BR,PT,creator122@open-alpha.example.com,creator,2026-07-29,2026-07-10,2026-07-30T08:00:00Z,2026-07-30T08:00:00Z,false,Fully Synthetic Open Alpha Case; segment=excluded_market
OA-N-123-1,Tik Tok,tt_open_alpha_123,OPENALPHA_PET_123,https://tiktok.example.com/@openalpha_pet_123?ref=open_alpha_case,Fully Synthetic Creator 123,100000,30000,0.04,BR,PT,creator123@open-alpha.example.com,creator,2026-07-29,2026-07-10,2026-07-30T08:00:00Z,2026-07-30T08:00:00Z,false,Fully Synthetic Open Alpha Case; segment=excluded_market
OA-N-124-1,Tik Tok,tt_open_alpha_124,OPENALPHA_PET_124,https://tiktok.example.com/@openalpha_pet_124?ref=open_alpha_case,Fully Synthetic Creator 124,100000,30000,0.04,BR,PT,creator124@open-alpha.example.com,creator,2026-07-29,2026-07-10,2026-07-30T08:00:00Z,2026-07-30T08:00:00Z,false,Fully Synthetic Open Alpha Case; segment=excluded_market
OA-N-125-1,Tik Tok,tt_open_alpha_125,OPENALPHA_PET_125,https://tiktok.example.com/@openalpha_pet_125?ref=open_alpha_case,Fully Synthetic Creator 125,100000,30000,0.04,BR,PT,creator125@open-alpha.example.com,creator,2026-07-29,2026-07-10,2026-07-30T08:00:00Z,2026-07-30T08:00:00Z,false,Fully Synthetic Open Alpha Case; segment=excluded_market
OA-N-126-1,Tik Tok,tt_open_alpha_126,OPENALPHA_PET_126,https://tiktok.example.com/@openalpha_pet_126?ref=open_alpha_case,Fully Synthetic Creator 126,100000,30000,0.04,BR,PT,creator126@open-alpha.example.com,creator,2026-07-29,2026-07-10,2026-07-30T08:00:00Z,2026-07-30T08:00:00Z,false,Fully Synthetic Open Alpha Case; segment=excluded_market
OA-N-127-1,Tik Tok,tt_open_alpha_127,OPENALPHA_PET_127,https://tiktok.example.com/@openalpha_pet_127?ref=open_alpha_case,Fully Synthetic Creator 127,100000,30000,0.04,BR,PT,creator127@open-alpha.example.com,creator,2026-07-29,2026-07-10,2026-07-30T08:00:00Z,2026-07-30T08:00:00Z,false,Fully Synthetic Open Alpha Case; segment=excluded_market
OA-N-128-1,Tik Tok,tt_open_alpha_128,OPENALPHA_PET_128,https://tiktok.example.com/@openalpha_pet_128?ref=open_alpha_case,Fully Synthetic Creator 128,100000,30000,0.04,BR,PT,creator128@open-alpha.example.com,creator,2026-07-29,2026-07-10,2026-07-30T08:00:00Z,2026-07-30T08:00:00Z,false,Fully Synthetic Open Alpha Case; segment=excluded_market
OA-N-129-1,Tik Tok,tt_open_alpha_129,OPENALPHA_PET_129,https://tiktok.example.com/@openalpha_pet_129?ref=open_alpha_case,Fully Synthetic Creator 129,100000,30000,0.04,BR,PT,creator129@open-alpha.example.com,creator,2026-07-29,2026-07-10,2026-07-30T08:00:00Z,2026-07-30T08:00:00Z,false,Fully Synthetic Open Alpha Case; segment=excluded_market
OA-N-130-1,Tik Tok,tt_open_alpha_130,OPENALPHA_PET_130,https://tiktok.example.com/@openalpha_pet_130?ref=open_alpha_case,Fully Synthetic Creator 130,100000,30000,0.04,BR,PT,creator130@open-alpha.example.com,creator,2026-07-29,2026-07-10,2026-07-30T08:00:00Z,2026-07-30T08:00:00Z,false,Fully Synthetic Open Alpha Case; segment=excluded_market
OA-N-131-1,Tik Tok,tt_open_alpha_131,OPENALPHA_PET_131,https://tiktok.example.com/@openalpha_pet_131?ref=open_alpha_case,Fully Synthetic Creator 131,100000,30000,0.04,BR,PT,creator131@open-alpha.example.com,creator,2026-07-29,2026-07-10,2026-07-30T08:00:00Z,2026-07-30T08:00:00Z,false,Fully Synthetic Open Alpha Case; segment=excluded_market
OA-N-132-1,Tik Tok,tt_open_alpha_132,OPENALPHA_PET_132,https://tiktok.example.com/@openalpha_pet_132?ref=open_alpha_case,Fully Synthetic Creator 132,100000,30000,0.04,BR,PT,creator132@open-alpha.example.com,creator,2026-07-29,2026-07-10,2026-07-30T08:00:00Z,2026-07-30T08:00:00Z,false,Fully Synthetic Open Alpha Case; segment=excluded_market
OA-N-133-1,Tik Tok,tt_open_alpha_133,OPENALPHA_PET_133,https://tiktok.example.com/@openalpha_pet_133?ref=open_alpha_case,Fully Synthetic Creator 133,100000,30000,0.04,BR,PT,creator133@open-alpha.example.com,creator,2026-07-29,2026-07-10,2026-07-30T08:00:00Z,2026-07-30T08:00:00Z,false,Fully Synthetic Open Alpha Case; segment=excluded_market
OA-N-134-1,Tik Tok,tt_open_alpha_134,OPENALPHA_PET_134,https://tiktok.example.com/@openalpha_pet_134?ref=open_alpha_case,Fully Synthetic Creator 134,100000,30000,0.04,BR,PT,creator134@open-alpha.example.com,creator,2026-07-29,2026-07-10,2026-07-30T08:00:00Z,2026-07-30T08:00:00Z,false,Fully Synthetic Open Alpha Case; segment=excluded_market
OA-N-135-1,Tik Tok,tt_open_alpha_135,OPENALPHA_PET_135,https://tiktok.example.com/@openalpha_pet_135?ref=open_alpha_case,Fully Synthetic Creator 135,100000,30000,0.04,BR,PT,creator135@open-alpha.example.com,creator,2026-07-29,2026-07-10,2026-07-30T08:00:00Z,2026-07-30T08:00:00Z,false,Fully Synthetic Open Alpha Case; segment=excluded_market
OA-N-136-1,Tik Tok,tt_open_alpha_136,OPENALPHA_PET_136,https://tiktok.example.com/@openalpha_pet_136?ref=open_alpha_case,Fully Synthetic Creator 136,100000,30000,0.04,BR,PT,creator136@open-alpha.example.com,creator,2026-07-29,2026-07-10,2026-07-30T08:00:00Z,2026-07-30T08:00:00Z,false,Fully Synthetic Open Alpha Case; segment=excluded_market
OA-N-137-1,Tik Tok,tt_open_alpha_137,OPENALPHA_PET_137,https://tiktok.example.com/@openalpha_pet_137?ref=open_alpha_case,Fully Synthetic Creator 137,100000,30000,0.04,BR,PT,creator137@open-alpha.example.com,creator,2026-07-29,2026-07-10,2026-07-30T08:00:00Z,2026-07-30T08:00:00Z,false,Fully Synthetic Open Alpha Case; segment=excluded_market
OA-N-138-1,Tik Tok,tt_open_alpha_138,OPENALPHA_PET_138,https://tiktok.example.com/@openalpha_pet_138?ref=open_alpha_case,Fully Synthetic Creator 138,100000,30000,0.04,BR,PT,creator138@open-alpha.example.com,creator,2026-07-29,2026-07-10,2026-07-30T08:00:00Z,2026-07-30T08:00:00Z,false,Fully Synthetic Open Alpha Case; segment=excluded_market
OA-N-139-1,Tik Tok,tt_open_alpha_139,OPENALPHA_PET_139,https://tiktok.example.com/@openalpha_pet_139?ref=open_alpha_case,Fully Synthetic Creator 139,100000,30000,0.04,BR,PT,creator139@open-alpha.example.com,creator,2026-07-29,2026-07-10,2026-07-30T08:00:00Z,2026-07-30T08:00:00Z,false,Fully Synthetic Open Alpha Case; segment=excluded_market
OA-N-140-1,Tik Tok,tt_open_alpha_140,OPENALPHA_PET_140,https://tiktok.example.com/@openalpha_pet_140?ref=open_alpha_case,Fully Synthetic Creator 140,100000,30000,0.04,BR,PT,creator140@open-alpha.example.com,creator,2026-07-29,2026-07-10,2026-07-30T08:00:00Z,2026-07-30T08:00:00Z,false,Fully Synthetic Open Alpha Case; segment=excluded_market
OA-N-141-1,Tik Tok,tt_open_alpha_141,OPENALPHA_PET_141,https://tiktok.example.com/@openalpha_pet_141?ref=open_alpha_case,Fully Synthetic Creator 141,100000,30000,0.04,BR,PT,creator141@open-alpha.example.com,creator,2026-07-29,2026-07-10,2026-07-30T08:00:00Z,2026-07-30T08:00:00Z,false,Fully Synthetic Open Alpha Case; segment=excluded_market
OA-N-142-1,Tik Tok,tt_open_alpha_142,OPENALPHA_PET_142,https://tiktok.example.com/@openalpha_pet_142?ref=open_alpha_case,Fully Synthetic Creator 142,100000,30000,0.04,BR,PT,creator142@open-alpha.example.com,creator,2026-07-29,2026-07-10,2026-07-30T08:00:00Z,2026-07-30T08:00:00Z,false,Fully Synthetic Open Alpha Case; segment=excluded_market
OA-N-143-1,Tik Tok,tt_open_alpha_143,OPENALPHA_PET_143,https://tiktok.example.com/@openalpha_pet_143?ref=open_alpha_case,Fully Synthetic Creator 143,100000,30000,0.04,BR,PT,creator143@open-alpha.example.com,creator,2026-07-29,2026-07-10,2026-07-30T08:00:00Z,2026-07-30T08:00:00Z,false,Fully Synthetic Open Alpha Case; segment=excluded_market
OA-N-144-1,Tik Tok,tt_open_alpha_144,OPENALPHA_PET_144,https://tiktok.example.com/@openalpha_pet_144?ref=open_alpha_case,Fully Synthetic Creator 144,100000,30000,0.04,BR,PT,creator144@open-alpha.example.com,creator,2026-07-29,2026-07-10,2026-07-30T08:00:00Z,2026-07-30T08:00:00Z,false,Fully Synthetic Open Alpha Case; segment=excluded_market
OA-N-145-1,Tik Tok,tt_open_alpha_145,OPENALPHA_PET_145,https://tiktok.example.com/@openalpha_pet_145?ref=open_alpha_case,Fully Synthetic Creator 145,100000,30000,0.04,BR,PT,creator145@open-alpha.example.com,creator,2026-07-29,2026-07-10,2026-07-30T08:00:00Z,2026-07-30T08:00:00Z,false,Fully Synthetic Open Alpha Case; segment=excluded_market
OA-N-146-1,Tik Tok,tt_open_alpha_146,OPENALPHA_PET_146,https://tiktok.example.com/@openalpha_pet_146?ref=open_alpha_case,Fully Synthetic Creator 146,100000,30000,0.04,BR,PT,creator146@open-alpha.example.com,creator,2026-07-29,2026-07-10,2026-07-30T08:00:00Z,2026-07-30T08:00:00Z,false,Fully Synthetic Open Alpha Case; segment=excluded_market
OA-N-147-1,Tik Tok,tt_open_alpha_147,OPENALPHA_PET_147,https://tiktok.example.com/@openalpha_pet_147?ref=open_alpha_case,Fully Synthetic Creator 147,100000,30000,0.04,BR,PT,creator147@open-alpha.example.com,creator,2026-07-29,2026-07-10,2026-07-30T08:00:00Z,2026-07-30T08:00:00Z,false,Fully Synthetic Open Alpha Case; segment=excluded_market
OA-N-148-1,Tik Tok,tt_open_alpha_148,OPENALPHA_PET_148,https://tiktok.example.com/@openalpha_pet_148?ref=open_alpha_case,Fully Synthetic Creator 148,100000,30000,0.04,BR,PT,creator148@open-alpha.example.com,creator,2026-07-29,2026-07-10,2026-07-30T08:00:00Z,2026-07-30T08:00:00Z,false,Fully Synthetic Open Alpha Case; segment=excluded_market
OA-N-149-1,Tik Tok,tt_open_alpha_149,OPENALPHA_PET_149,https://tiktok.example.com/@openalpha_pet_149?ref=open_alpha_case,Fully Synthetic Creator 149,100000,30000,0.04,BR,PT,creator149@open-alpha.example.com,creator,2026-07-29,2026-07-10,2026-07-30T08:00:00Z,2026-07-30T08:00:00Z,false,Fully Synthetic Open Alpha Case; segment=excluded_market
OA-N-150-1,Tik Tok,tt_open_alpha_150,OPENALPHA_PET_150,https://tiktok.example.com/@openalpha_pet_150?ref=open_alpha_case,Fully Synthetic Creator 150,100000,30000,0.04,BR,PT,creator150@open-alpha.example.com,creator,2026-07-29,2026-07-10,2026-07-30T08:00:00Z,2026-07-30T08:00:00Z,false,Fully Synthetic Open Alpha Case; segment=excluded_market
OA-N-151-1,Tik Tok,tt_open_alpha_151,OPENALPHA_PET_151,https://tiktok.example.com/@openalpha_pet_151?ref=open_alpha_case,Fully Synthetic Creator 151,100000,30000,0.04,BR,PT,creator151@open-alpha.example.com,creator,2026-07-29,2026-07-10,2026-07-30T08:00:00Z,2026-07-30T08:00:00Z,false,Fully Synthetic Open Alpha Case; segment=excluded_market
OA-N-152-1,Tik Tok,tt_open_alpha_152,OPENALPHA_PET_152,https://tiktok.example.com/@openalpha_pet_152?ref=open_alpha_case,Fully Synthetic Creator 152,100000,30000,0.04,BR,PT,creator152@open-alpha.example.com,creator,2026-07-29,2026-07-10,2026-07-30T08:00:00Z,2026-07-30T08:00:00Z,false,Fully Synthetic Open Alpha Case; segment=excluded_market
OA-N-153-1,Tik Tok,tt_open_alpha_153,OPENALPHA_PET_153,https://tiktok.example.com/@openalpha_pet_153?ref=open_alpha_case,Fully Synthetic Creator 153,100000,30000,0.04,BR,PT,creator153@open-alpha.example.com,creator,2026-07-29,2026-07-10,2026-07-30T08:00:00Z,2026-07-30T08:00:00Z,false,Fully Synthetic Open Alpha Case; segment=excluded_market
OA-N-154-1,Tik Tok,tt_open_alpha_154,OPENALPHA_PET_154,https://tiktok.example.com/@openalpha_pet_154?ref=open_alpha_case,Fully Synthetic Creator 154,100000,30000,0.04,BR,PT,creator154@open-alpha.example.com,creator,2026-07-29,2026-07-10,2026-07-30T08:00:00Z,2026-07-30T08:00:00Z,false,Fully Synthetic Open Alpha Case; segment=excluded_market
OA-N-155-1,Tik Tok,tt_open_alpha_155,OPENALPHA_PET_155,https://tiktok.example.com/@openalpha_pet_155?ref=open_alpha_case,Fully Synthetic Creator 155,100000,30000,0.04,BR,PT,creator155@open-alpha.example.com,creator,2026-07-29,2026-07-10,2026-07-30T08:00:00Z,2026-07-30T08:00:00Z,false,Fully Synthetic Open Alpha Case; segment=excluded_market
OA-N-156-1,Tik Tok,tt_open_alpha_156,OPENALPHA_PET_156,https://tiktok.example.com/@openalpha_pet_156?ref=open_alpha_case,Fully Synthetic Creator 156,100000,30000,0.04,BR,PT,creator156@open-alpha.example.com,creator,2026-07-29,2026-07-10,2026-07-30T08:00:00Z,2026-07-30T08:00:00Z,false,Fully Synthetic Open Alpha Case; segment=excluded_market
OA-N-157-1,Tik Tok,tt_open_alpha_157,OPENALPHA_PET_157,https://tiktok.example.com/@openalpha_pet_157?ref=open_alpha_case,Fully Synthetic Creator 157,100000,30000,0.04,BR,PT,creator157@open-alpha.example.com,creator,2026-07-29,2026-07-10,2026-07-30T08:00:00Z,2026-07-30T08:00:00Z,false,Fully Synthetic Open Alpha Case; segment=excluded_market
OA-N-158-1,Tik Tok,tt_open_alpha_158,OPENALPHA_PET_158,https://tiktok.example.com/@openalpha_pet_158?ref=open_alpha_case,Fully Synthetic Creator 158,100000,30000,0.04,BR,PT,creator158@open-alpha.example.com,creator,2026-07-29,2026-07-10,2026-07-30T08:00:00Z,2026-07-30T08:00:00Z,false,Fully Synthetic Open Alpha Case; segment=excluded_market
OA-N-159-1,Tik Tok,tt_open_alpha_159,OPENALPHA_PET_159,https://tiktok.example.com/@openalpha_pet_159?ref=open_alpha_case,Fully Synthetic Creator 159,100000,30000,0.04,BR,PT,creator159@open-alpha.example.com,creator,2026-07-29,2026-07-10,2026-07-30T08:00:00Z,2026-07-30T08:00:00Z,false,Fully Synthetic Open Alpha Case; segment=excluded_market
OA-N-160-1,Tik Tok,tt_open_alpha_160,OPENALPHA_PET_160,https://tiktok.example.com/@openalpha_pet_160?ref=open_alpha_case,Fully Synthetic Creator 160,100000,30000,0.04,BR,PT,creator160@open-alpha.example.com,creator,2026-07-29,2026-07-10,2026-07-30T08:00:00Z,2026-07-30T08:00:00Z,false,Fully Synthetic Open Alpha Case; segment=excluded_market
OA-N-161-1,Tik Tok,tt_open_alpha_161,OPENALPHA_PET_161,https://tiktok.example.com/@openalpha_pet_161?ref=open_alpha_case,Fully Synthetic Creator 161,100000,30000,0.04,BR,PT,creator161@open-alpha.example.com,creator,2026-07-29,2026-07-10,2026-07-30T08:00:00Z,2026-07-30T08:00:00Z,false,Fully Synthetic Open Alpha Case; segment=excluded_market
OA-N-162-1,Tik Tok,tt_open_alpha_162,OPENALPHA_PET_162,https://tiktok.example.com/@openalpha_pet_162?ref=open_alpha_case,Fully Synthetic Creator 162,100000,30000,0.04,BR,PT,creator162@open-alpha.example.com,creator,2026-07-29,2026-07-10,2026-07-30T08:00:00Z,2026-07-30T08:00:00Z,false,Fully Synthetic Open Alpha Case; segment=excluded_market
OA-N-163-1,Tik Tok,tt_open_alpha_163,OPENALPHA_PET_163,https://tiktok.example.com/@openalpha_pet_163?ref=open_alpha_case,Fully Synthetic Creator 163,100000,30000,0.04,BR,PT,creator163@open-alpha.example.com,creator,2026-07-29,2026-07-10,2026-07-30T08:00:00Z,2026-07-30T08:00:00Z,false,Fully Synthetic Open Alpha Case; segment=excluded_market
OA-N-164-1,Tik Tok,tt_open_alpha_164,OPENALPHA_PET_164,https://tiktok.example.com/@openalpha_pet_164?ref=open_alpha_case,Fully Synthetic Creator 164,100000,30000,0.04,BR,PT,creator164@open-alpha.example.com,creator,2026-07-29,2026-07-10,2026-07-30T08:00:00Z,2026-07-30T08:00:00Z,false,Fully Synthetic Open Alpha Case; segment=excluded_market
OA-N-165-1,Tik Tok,tt_open_alpha_165,OPENALPHA_PET_165,https://tiktok.example.com/@openalpha_pet_165?ref=open_alpha_case,Fully Synthetic Creator 165,100000,30000,0.04,BR,PT,creator165@open-alpha.example.com,creator,2026-07-29,2026-07-10,2026-07-30T08:00:00Z,2026-07-30T08:00:00Z,false,Fully Synthetic Open Alpha Case; segment=excluded_market
OA-N-166-1,Tik Tok,tt_open_alpha_166,OPENALPHA_PET_166,https://tiktok.example.com/@openalpha_pet_166?ref=open_alpha_case,Fully Synthetic Creator 166,100000,30000,0.04,BR,PT,creator166@open-alpha.example.com,creator,2026-07-29,2026-07-10,2026-07-30T08:00:00Z,2026-07-30T08:00:00Z,false,Fully Synthetic Open Alpha Case; segment=excluded_market
OA-N-167-1,Tik Tok,tt_open_alpha_167,OPENALPHA_PET_167,https://tiktok.example.com/@openalpha_pet_167?ref=open_alpha_case,Fully Synthetic Creator 167,100000,30000,0.04,BR,PT,creator167@open-alpha.example.com,creator,2026-07-29,2026-07-10,2026-07-30T08:00:00Z,2026-07-30T08:00:00Z,false,Fully Synthetic Open Alpha Case; segment=excluded_market
OA-N-168-1,Tik Tok,tt_open_alpha_168,OPENALPHA_PET_168,https://tiktok.example.com/@openalpha_pet_168?ref=open_alpha_case,Fully Synthetic Creator 168,100000,30000,0.04,BR,PT,creator168@open-alpha.example.com,creator,2026-07-29,2026-07-10,2026-07-30T08:00:00Z,2026-07-30T08:00:00Z,false,Fully Synthetic Open Alpha Case; segment=excluded_market
OA-N-169-1,Tik Tok,tt_open_alpha_169,OPENALPHA_PET_169,https://tiktok.example.com/@openalpha_pet_169?ref=open_alpha_case,Fully Synthetic Creator 169,100000,30000,0.04,BR,PT,creator169@open-alpha.example.com,creator,2026-07-29,2026-07-10,2026-07-30T08:00:00Z,2026-07-30T08:00:00Z,false,Fully Synthetic Open Alpha Case; segment=excluded_market
OA-N-170-1,Tik Tok,tt_open_alpha_170,OPENALPHA_PET_170,https://tiktok.example.com/@openalpha_pet_170?ref=open_alpha_case,Fully Synthetic Creator 170,100000,30000,0.04,BR,PT,creator170@open-alpha.example.com,creator,2026-07-29,2026-07-10,2026-07-30T08:00:00Z,2026-07-30T08:00:00Z,false,Fully Synthetic Open Alpha Case; segment=excluded_market
OA-N-171-1,Tik Tok,tt_open_alpha_171,OPENALPHA_PET_171,https://tiktok.example.com/@openalpha_pet_171?ref=open_alpha_case,Fully Synthetic Creator 171,100000,30000,0.04,BR,PT,creator171@open-alpha.example.com,creator,2026-07-29,2026-07-10,2026-07-30T08:00:00Z,2026-07-30T08:00:00Z,false,Fully Synthetic Open Alpha Case; segment=excluded_market
OA-N-172-1,Tik Tok,tt_open_alpha_172,OPENALPHA_PET_172,https://tiktok.example.com/@openalpha_pet_172?ref=open_alpha_case,Fully Synthetic Creator 172,100000,30000,0.04,BR,PT,creator172@open-alpha.example.com,creator,2026-07-29,2026-07-10,2026-07-30T08:00:00Z,2026-07-30T08:00:00Z,false,Fully Synthetic Open Alpha Case; segment=excluded_market
OA-N-173-1,Tik Tok,tt_open_alpha_173,OPENALPHA_PET_173,https://tiktok.example.com/@openalpha_pet_173?ref=open_alpha_case,Fully Synthetic Creator 173,100000,30000,0.04,BR,PT,creator173@open-alpha.example.com,creator,2026-07-29,2026-07-10,2026-07-30T08:00:00Z,2026-07-30T08:00:00Z,false,Fully Synthetic Open Alpha Case; segment=excluded_market
OA-N-174-1,Tik Tok,tt_open_alpha_174,OPENALPHA_PET_174,https://tiktok.example.com/@openalpha_pet_174?ref=open_alpha_case,Fully Synthetic Creator 174,100000,30000,0.04,BR,PT,creator174@open-alpha.example.com,creator,2026-07-29,2026-07-10,2026-07-30T08:00:00Z,2026-07-30T08:00:00Z,false,Fully Synthetic Open Alpha Case; segment=excluded_market
OA-N-175-1,Tik Tok,tt_open_alpha_175,OPENALPHA_PET_175,https://tiktok.example.com/@openalpha_pet_175?ref=open_alpha_case,Fully Synthetic Creator 175,100000,30000,0.04,BR,PT,creator175@open-alpha.example.com,creator,2026-07-29,2026-07-10,2026-07-30T08:00:00Z,2026-07-30T08:00:00Z,false,Fully Synthetic Open Alpha Case; segment=excluded_market
OA-N-176-1,Tik Tok,tt_open_alpha_176,OPENALPHA_PET_176,https://tiktok.example.com/@openalpha_pet_176?ref=open_alpha_case,Fully Synthetic Creator 176,100000,30000,0.04,BR,PT,creator176@open-alpha.example.com,creator,2026-07-29,2026-07-10,2026-07-30T08:00:00Z,2026-07-30T08:00:00Z,false,Fully Synthetic Open Alpha Case; segment=excluded_market
OA-N-177-1,Tik Tok,tt_open_alpha_177,OPENALPHA_PET_177,https://tiktok.example.com/@openalpha_pet_177?ref=open_alpha_case,Fully Synthetic Creator 177,100000,30000,0.04,BR,PT,creator177@open-alpha.example.com,creator,2026-07-29,2026-07-10,2026-07-30T08:00:00Z,2026-07-30T08:00:00Z,false,Fully Synthetic Open Alpha Case; segment=excluded_market
OA-N-178-1,Tik Tok,tt_open_alpha_178,OPENALPHA_PET_178,https://tiktok.example.com/@openalpha_pet_178?ref=open_alpha_case,Fully Synthetic Creator 178,100000,30000,0.04,BR,PT,creator178@open-alpha.example.com,creator,2026-07-29,2026-07-10,2026-07-30T08:00:00Z,2026-07-30T08:00:00Z,false,Fully Synthetic Open Alpha Case; segment=excluded_market
OA-N-179-1,Tik Tok,tt_open_alpha_179,OPENALPHA_PET_179,https://tiktok.example.com/@openalpha_pet_179?ref=open_alpha_case,Fully Synthetic Creator 179,100000,30000,0.04,BR,PT,creator179@open-alpha.example.com,creator,2026-07-29,2026-07-10,2026-07-30T08:00:00Z,2026-07-30T08:00:00Z,false,Fully Synthetic Open Alpha Case; segment=excluded_market
OA-N-180-1,Tik Tok,tt_open_alpha_180,OPENALPHA_PET_180,https://tiktok.example.com/@openalpha_pet_180?ref=open_alpha_case,Fully Synthetic Creator 180,100000,30000,0.04,BR,PT,creator180@open-alpha.example.com,creator,2026-07-29,2026-07-10,2026-07-30T08:00:00Z,2026-07-30T08:00:00Z,false,Fully Synthetic Open Alpha Case; segment=excluded_market
OA-N-181-1,Tik Tok,tt_open_alpha_181,OPENALPHA_PET_181,https://tiktok.example.com/@openalpha_pet_181?ref=open_alpha_case,Fully Synthetic Creator 181,100000,30000,0.04,BR,PT,creator181@open-alpha.example.com,creator,2026-07-29,2026-07-10,2026-07-30T08:00:00Z,2026-07-30T08:00:00Z,false,Fully Synthetic Open Alpha Case; segment=excluded_market
OA-N-182-1,Tik Tok,tt_open_alpha_182,OPENALPHA_PET_182,https://tiktok.example.com/@openalpha_pet_182?ref=open_alpha_case,Fully Synthetic Creator 182,100000,30000,0.04,BR,PT,creator182@open-alpha.example.com,creator,2026-07-29,2026-07-10,2026-07-30T08:00:00Z,2026-07-30T08:00:00Z,false,Fully Synthetic Open Alpha Case; segment=excluded_market
OA-N-183-1,Tik Tok,tt_open_alpha_183,OPENALPHA_PET_183,https://tiktok.example.com/@openalpha_pet_183?ref=open_alpha_case,Fully Synthetic Creator 183,100000,30000,0.04,BR,PT,creator183@open-alpha.example.com,creator,2026-07-29,2026-07-10,2026-07-30T08:00:00Z,2026-07-30T08:00:00Z,false,Fully Synthetic Open Alpha Case; segment=excluded_market
OA-N-184-1,Tik Tok,tt_open_alpha_184,OPENALPHA_PET_184,https://tiktok.example.com/@openalpha_pet_184?ref=open_alpha_case,Fully Synthetic Creator 184,100000,30000,0.04,BR,PT,creator184@open-alpha.example.com,creator,2026-07-29,2026-07-10,2026-07-30T08:00:00Z,2026-07-30T08:00:00Z,false,Fully Synthetic Open Alpha Case; segment=excluded_market
OA-N-185-1,Tik Tok,tt_open_alpha_185,OPENALPHA_PET_185,https://tiktok.example.com/@openalpha_pet_185?ref=open_alpha_case,Fully Synthetic Creator 185,100000,30000,0.04,BR,PT,creator185@open-alpha.example.com,creator,2026-07-29,2026-07-10,2026-07-30T08:00:00Z,2026-07-30T08:00:00Z,false,Fully Synthetic Open Alpha Case; segment=excluded_market
OA-N-186-1,Tik Tok,tt_open_alpha_186,OPENALPHA_PET_186,https://tiktok.example.com/@openalpha_pet_186?ref=open_alpha_case,Fully Synthetic Creator 186,100000,30000,0.04,BR,PT,creator186@open-alpha.example.com,creator,2026-07-29,2026-07-10,2026-07-30T08:00:00Z,2026-07-30T08:00:00Z,false,Fully Synthetic Open Alpha Case; segment=excluded_market
OA-N-187-1,Tik Tok,tt_open_alpha_187,OPENALPHA_PET_187,https://tiktok.example.com/@openalpha_pet_187?ref=open_alpha_case,Fully Synthetic Creator 187,100000,30000,0.04,BR,PT,creator187@open-alpha.example.com,creator,2026-07-29,2026-07-10,2026-07-30T08:00:00Z,2026-07-30T08:00:00Z,false,Fully Synthetic Open Alpha Case; segment=excluded_market
OA-N-188-1,Tik Tok,tt_open_alpha_188,OPENALPHA_PET_188,https://tiktok.example.com/@openalpha_pet_188?ref=open_alpha_case,Fully Synthetic Creator 188,100000,30000,0.04,BR,PT,creator188@open-alpha.example.com,creator,2026-07-29,2026-07-10,2026-07-30T08:00:00Z,2026-07-30T08:00:00Z,false,Fully Synthetic Open Alpha Case; segment=excluded_market
OA-N-189-1,Tik Tok,tt_open_alpha_189,OPENALPHA_PET_189,https://tiktok.example.com/@openalpha_pet_189?ref=open_alpha_case,Fully Synthetic Creator 189,100000,30000,0.04,BR,PT,creator189@open-alpha.example.com,creator,2026-07-29,2026-07-10,2026-07-30T08:00:00Z,2026-07-30T08:00:00Z,false,Fully Synthetic Open Alpha Case; segment=excluded_market
OA-N-190-1,Tik Tok,tt_open_alpha_190,OPENALPHA_PET_190,https://tiktok.example.com/@openalpha_pet_190?ref=open_alpha_case,Fully Synthetic Creator 190,100000,30000,0.04,BR,PT,creator190@open-alpha.example.com,creator,2026-07-29,2026-07-10,2026-07-30T08:00:00Z,2026-07-30T08:00:00Z,false,Fully Synthetic Open Alpha Case; segment=excluded_market
OA-N-191-1,Tik Tok,tt_open_alpha_191,OPENALPHA_PET_191,https://tiktok.example.com/@openalpha_pet_191?ref=open_alpha_case,Fully Synthetic Creator 191,100000,30000,0.04,BR,PT,creator191@open-alpha.example.com,creator,2026-07-29,2026-07-10,2026-07-30T08:00:00Z,2026-07-30T08:00:00Z,false,Fully Synthetic Open Alpha Case; segment=excluded_market
OA-N-192-1,Tik Tok,tt_open_alpha_192,OPENALPHA_PET_192,https://tiktok.example.com/@openalpha_pet_192?ref=open_alpha_case,Fully Synthetic Creator 192,100000,30000,0.04,BR,PT,creator192@open-alpha.example.com,creator,2026-07-29,2026-07-10,2026-07-30T08:00:00Z,2026-07-30T08:00:00Z,false,Fully Synthetic Open Alpha Case; segment=excluded_market
OA-N-193-1,Tik Tok,tt_open_alpha_193,OPENALPHA_PET_193,https://tiktok.example.com/@openalpha_pet_193?ref=open_alpha_case,Fully Synthetic Creator 193,100000,30000,0.04,BR,PT,creator193@open-alpha.example.com,creator,2026-07-29,2026-07-10,2026-07-30T08:00:00Z,2026-07-30T08:00:00Z,false,Fully Synthetic Open Alpha Case; segment=excluded_market
OA-N-194-1,Tik Tok,tt_open_alpha_194,OPENALPHA_PET_194,https://tiktok.example.com/@openalpha_pet_194?ref=open_alpha_case,Fully Synthetic Creator 194,100000,30000,0.04,BR,PT,creator194@open-alpha.example.com,creator,2026-07-29,2026-07-10,2026-07-30T08:00:00Z,2026-07-30T08:00:00Z,false,Fully Synthetic Open Alpha Case; segment=excluded_market
OA-N-195-1,Tik Tok,tt_open_alpha_195,OPENALPHA_PET_195,https://tiktok.example.com/@openalpha_pet_195?ref=open_alpha_case,Fully Synthetic Creator 195,100000,30000,0.04,BR,PT,creator195@open-alpha.example.com,creator,2026-07-29,2026-07-10,2026-07-30T08:00:00Z,2026-07-30T08:00:00Z,false,Fully Synthetic Open Alpha Case; segment=excluded_market
OA-N-196-1,Tik Tok,tt_open_alpha_196,OPENALPHA_PET_196,https://tiktok.example.com/@openalpha_pet_196?ref=open_alpha_case,Fully Synthetic Creator 196,100000,30000,0.04,BR,PT,creator196@open-alpha.example.com,creator,2026-07-29,2026-07-10,2026-07-30T08:00:00Z,2026-07-30T08:00:00Z,false,Fully Synthetic Open Alpha Case; segment=excluded_market
OA-N-197-1,Tik Tok,tt_open_alpha_197,OPENALPHA_PET_197,https://tiktok.example.com/@openalpha_pet_197?ref=open_alpha_case,Fully Synthetic Creator 197,100000,30000,0.04,BR,PT,creator197@open-alpha.example.com,creator,2026-07-29,2026-07-10,2026-07-30T08:00:00Z,2026-07-30T08:00:00Z,false,Fully Synthetic Open Alpha Case; segment=excluded_market
OA-N-198-1,Tik Tok,tt_open_alpha_198,OPENALPHA_PET_198,https://tiktok.example.com/@openalpha_pet_198?ref=open_alpha_case,Fully Synthetic Creator 198,100000,30000,0.04,BR,PT,creator198@open-alpha.example.com,creator,2026-07-29,2026-07-10,2026-07-30T08:00:00Z,2026-07-30T08:00:00Z,false,Fully Synthetic Open Alpha Case; segment=excluded_market
OA-N-199-1,Tik Tok,tt_open_alpha_199,OPENALPHA_PET_199,https://tiktok.example.com/@openalpha_pet_199?ref=open_alpha_case,Fully Synthetic Creator 199,100000,30000,0.04,BR,PT,creator199@open-alpha.example.com,creator,2026-07-29,2026-07-10,2026-07-30T08:00:00Z,2026-07-30T08:00:00Z,false,Fully Synthetic Open Alpha Case; segment=excluded_market
OA-N-200-1,Tik Tok,tt_open_alpha_200,OPENALPHA_PET_200,https://tiktok.example.com/@openalpha_pet_200?ref=open_alpha_case,Fully Synthetic Creator 200,100000,30000,0.04,BR,PT,creator200@open-alpha.example.com,creator,2026-07-29,2026-07-10,2026-07-30T08:00:00Z,2026-07-30T08:00:00Z,false,Fully Synthetic Open Alpha Case; segment=excluded_market
OA-N-201-1,Tik Tok,tt_open_alpha_201,OPENALPHA_PET_201,https://tiktok.example.com/@openalpha_pet_201?ref=open_alpha_case,Fully Synthetic Creator 201,100000,30000,0.04,BR,PT,creator201@open-alpha.example.com,creator,2026-07-29,2026-07-10,2026-07-30T08:00:00Z,2026-07-30T08:00:00Z,false,Fully Synthetic Open Alpha Case; segment=excluded_market
OA-N-202-1,Tik Tok,tt_open_alpha_202,OPENALPHA_PET_202,https://tiktok.example.com/@openalpha_pet_202?ref=open_alpha_case,Fully Synthetic Creator 202,100000,30000,0.04,BR,PT,creator202@open-alpha.example.com,creator,2026-07-29,2026-07-10,2026-07-30T08:00:00Z,2026-07-30T08:00:00Z,false,Fully Synthetic Open Alpha Case; segment=excluded_market
OA-N-203-1,Tik Tok,tt_open_alpha_203,OPENALPHA_PET_203,https://tiktok.example.com/@openalpha_pet_203?ref=open_alpha_case,Fully Synthetic Creator 203,100000,30000,0.04,BR,PT,creator203@open-alpha.example.com,creator,2026-07-29,2026-07-10,2026-07-30T08:00:00Z,2026-07-30T08:00:00Z,false,Fully Synthetic Open Alpha Case; segment=excluded_market
OA-N-204-1,Tik Tok,tt_open_alpha_204,OPENALPHA_PET_204,https://tiktok.example.com/@openalpha_pet_204?ref=open_alpha_case,Fully Synthetic Creator 204,100000,30000,0.04,BR,PT,creator204@open-alpha.example.com,creator,2026-07-29,2026-07-10,2026-07-30T08:00:00Z,2026-07-30T08:00:00Z,false,Fully Synthetic Open Alpha Case; segment=excluded_market
OA-N-205-1,Tik Tok,tt_open_alpha_205,OPENALPHA_PET_205,https://tiktok.example.com/@openalpha_pet_205?ref=open_alpha_case,Fully Synthetic Creator 205,100000,30000,0.04,BR,PT,creator205@open-alpha.example.com,creator,2026-07-29,2026-07-10,2026-07-30T08:00:00Z,2026-07-30T08:00:00Z,false,Fully Synthetic Open Alpha Case; segment=excluded_market
OA-N-206-1,Tik Tok,tt_open_alpha_206,OPENALPHA_PET_206,https://tiktok.example.com/@openalpha_pet_206?ref=open_alpha_case,Fully Synthetic Creator 206,100000,30000,0.04,BR,PT,creator206@open-alpha.example.com,creator,2026-07-29,2026-07-10,2026-07-30T08:00:00Z,2026-07-30T08:00:00Z,false,Fully Synthetic Open Alpha Case; segment=excluded_market
OA-N-207-1,Tik Tok,tt_open_alpha_207,OPENALPHA_PET_207,https://tiktok.example.com/@openalpha_pet_207?ref=open_alpha_case,Fully Synthetic Creator 207,100000,30000,0.04,BR,PT,creator207@open-alpha.example.com,creator,2026-07-29,2026-07-10,2026-07-30T08:00:00Z,2026-07-30T08:00:00Z,false,Fully Synthetic Open Alpha Case; segment=excluded_market
OA-N-208-1,Tik Tok,tt_open_alpha_208,OPENALPHA_PET_208,https://tiktok.example.com/@openalpha_pet_208?ref=open_alpha_case,Fully Synthetic Creator 208,100000,30000,0.04,BR,PT,creator208@open-alpha.example.com,creator,2026-07-29,2026-07-10,2026-07-30T08:00:00Z,2026-07-30T08:00:00Z,false,Fully Synthetic Open Alpha Case; segment=excluded_market
OA-N-209-1,Tik Tok,tt_open_alpha_209,OPENALPHA_PET_209,https://tiktok.example.com/@openalpha_pet_209?ref=open_alpha_case,Fully Synthetic Creator 209,100000,30000,0.04,BR,PT,creator209@open-alpha.example.com,creator,2026-07-29,2026-07-10,2026-07-30T08:00:00Z,2026-07-30T08:00:00Z,false,Fully Synthetic Open Alpha Case; segment=excluded_market
OA-N-210-1,Tik Tok,tt_open_alpha_210,OPENALPHA_PET_210,https://tiktok.example.com/@openalpha_pet_210?ref=open_alpha_case,Fully Synthetic Creator 210,100000,30000,0.04,BR,PT,creator210@open-alpha.example.com,creator,2026-07-29,2026-07-10,2026-07-30T08:00:00Z,2026-07-30T08:00:00Z,false,Fully Synthetic Open Alpha Case; segment=excluded_market
OA-N-211-1,Tik Tok,tt_open_alpha_211,OPENALPHA_PET_211,https://tiktok.example.com/@openalpha_pet_211?ref=open_alpha_case,Fully Synthetic Creator 211,100000,30000,0.04,BR,PT,creator211@open-alpha.example.com,creator,2026-07-29,2026-07-10,2026-07-30T08:00:00Z,2026-07-30T08:00:00Z,false,Fully Synthetic Open Alpha Case; segment=excluded_market
OA-N-212-1,Tik Tok,tt_open_alpha_212,OPENALPHA_PET_212,https://tiktok.example.com/@openalpha_pet_212?ref=open_alpha_case,Fully Synthetic Creator 212,100000,30000,0.04,BR,PT,creator212@open-alpha.example.com,creator,2026-07-29,2026-07-10,2026-07-30T08:00:00Z,2026-07-30T08:00:00Z,false,Fully Synthetic Open Alpha Case; segment=excluded_market
OA-N-213-1,Tik Tok,tt_open_alpha_213,OPENALPHA_PET_213,https://tiktok.example.com/@openalpha_pet_213?ref=open_alpha_case,Fully Synthetic Creator 213,100000,30000,0.04,BR,PT,creator213@open-alpha.example.com,creator,2026-07-29,2026-07-10,2026-07-30T08:00:00Z,2026-07-30T08:00:00Z,false,Fully Synthetic Open Alpha Case; segment=excluded_market
OA-N-214-1,Tik Tok,tt_open_alpha_214,OPENALPHA_PET_214,https://tiktok.example.com/@openalpha_pet_214?ref=open_alpha_case,Fully Synthetic Creator 214,100000,30000,0.04,BR,PT,creator214@open-alpha.example.com,creator,2026-07-29,2026-07-10,2026-07-30T08:00:00Z,2026-07-30T08:00:00Z,false,Fully Synthetic Open Alpha Case; segment=excluded_market
