Wave Creator ID,Platform,Platform UID,Username,Profile Link,Creator Name,Followers,Avg Views,Engagement,Country,Primary Language,Business Email,Email Type,Last Post,Last Sponsored Post,Metrics Updated At,Email Checked At,Estimated Metrics,Notes
OA-W-001-1,TikTok,tt_open_alpha_001,@openalpha_pet_001,https://tiktok.example.com/@openalpha_pet_001?utm_source=open_alpha_case,Fully Synthetic Creator 001,100000,30000,4.0%,US,EN,creator001@open-alpha.example.com,creator,2026-07-29,2026-07-10,2026-07-30T08:00:00Z,2026-07-30T08:00:00Z,false,Fully Synthetic Open Alpha Case; segment=verify_high_conflict
OA-W-001-2,TikTok,tt_open_alpha_001,@openalpha_pet_001,https://tiktok.example.com/@openalpha_pet_001?utm_source=open_alpha_case,Fully Synthetic Creator 001,100000,30000,4.0%,US,EN,creator001@open-alpha.example.com,creator,2026-07-29,2026-07-10,2026-07-30T08:00:00Z,2026-07-30T08:00:00Z,false,Fully Synthetic Open Alpha Case; segment=verify_high_conflict
OA-W-002-1,TikTok,tt_open_alpha_002,@openalpha_pet_002,https://tiktok.example.com/@openalpha_pet_002?utm_source=open_alpha_case,Fully Synthetic Creator 002,100000,30000,4.0%,US,EN,creator002@open-alpha.example.com,creator,2026-07-29,2026-07-10,2026-07-30T08:00:00Z,2026-07-30T08:00:00Z,false,Fully Synthetic Open Alpha Case; segment=verify_high_conflict
OA-W-002-2,TikTok,tt_open_alpha_002,@openalpha_pet_002,https://tiktok.example.com/@openalpha_pet_002?utm_source=open_alpha_case,Fully Synthetic Creator 002,100000,30000,4.0%,US,EN,creator002@open-alpha.example.com,creator,2026-07-29,2026-07-10,2026-07-30T08:00:00Z,2026-07-30T08:00:00Z,false,Fully Synthetic Open Alpha Case; segment=verify_high_conflict
OA-W-003-1,TikTok,tt_open_alpha_003,@openalpha_pet_003,https://tiktok.example.com/@openalpha_pet_003?utm_source=open_alpha_case,Fully Synthetic Creator 003,100000,30000,4.0%,US,EN,creator003@open-alpha.example.com,creator,2026-07-29,2026-07-10,2026-07-30T08:00:00Z,2026-07-30T08:00:00Z,false,Fully Synthetic Open Alpha Case; segment=verify_high_conflict
OA-W-003-2,TikTok,tt_open_alpha_003,@openalpha_pet_003,https://tiktok.example.com/@openalpha_pet_003?utm_source=open_alpha_case,Fully Synthetic Creator 003,100000,30000,4.0%,US,EN,creator003@open-alpha.example.com,creator,2026-07-29,2026-07-10,2026-07-30T08:00:00Z,2026-07-30T08:00:00Z,false,Fully Synthetic Open Alpha Case; segment=verify_high_conflict
OA-W-004-1,TikTok,tt_open_alpha_004,@openalpha_pet_004,https://tiktok.example.com/@openalpha_pet_004?utm_source=open_alpha_case,Fully Synthetic Creator 004,100000,30000,4.0%,US,EN,creator004@open-alpha.example.com,creator,2026-07-29,2026-07-10,2026-07-30T08:00:00Z,2026-07-30T08:00:00Z,false,Fully Synthetic Open Alpha Case; segment=verify_high_conflict
OA-W-004-2,TikTok,tt_open_alpha_004,@openalpha_pet_004,https://tiktok.example.com/@openalpha_pet_004?utm_source=open_alpha_case,Fully Synthetic Creator 004,100000,30000,4.0%,US,EN,creator004@open-alpha.example.com,creator,2026-07-29,2026-07-10,2026-07-30T08:00:00Z,2026-07-30T08:00:00Z,false,Fully Synthetic Open Alpha Case; segment=verify_high_conflict
OA-W-005-1,TikTok,tt_open_alpha_005,@openalpha_pet_005,https://tiktok.example.com/@openalpha_pet_005?utm_source=open_alpha_case,Fully Synthetic Creator 005,100000,30000,4.0%,US,EN,creator005@open-alpha.example.com,creator,2026-07-29,2026-07-10,2026-07-30T08:00:00Z,2026-07-30T08:00:00Z,false,Fully Synthetic Open Alpha Case; segment=verify_high_conflict
OA-W-005-2,TikTok,tt_open_alpha_005,@openalpha_pet_005,https://tiktok.example.com/@openalpha_pet_005?utm_source=open_alpha_case,Fully Synthetic Creator 005,100000,30000,4.0%,US,EN,creator005@open-alpha.example.com,creator,2026-07-29,2026-07-10,2026-07-30T08:00:00Z,2026-07-30T08:00:00Z,false,Fully Synthetic Open Alpha Case; segment=verify_high_conflict
OA-W-006-1,TikTok,tt_open_alpha_006,@openalpha_pet_006,https://tiktok.example.com/@openalpha_pet_006?utm_source=open_alpha_case,Fully Synthetic Creator 006,100000,30000,4.0%,US,EN,creator006@open-alpha.example.com,creator,2026-07-29,2026-07-10,2026-07-30T08:00:00Z,2026-07-30T08:00:00Z,false,Fully Synthetic Open Alpha Case; segment=verify_high_conflict
OA-W-006-2,TikTok,tt_open_alpha_006,@openalpha_pet_006,https://tiktok.example.com/@openalpha_pet_006?utm_source=open_alpha_case,Fully Synthetic Creator 006,100000,30000,4.0%,US,EN,creator006@open-alpha.example.com,creator,2026-07-29,2026-07-10,2026-07-30T08:00:00Z,2026-07-30T08:00:00Z,false,Fully Synthetic Open Alpha Case; segment=verify_high_conflict
OA-W-007-1,TikTok,tt_open_alpha_007,@openalpha_pet_007,https://tiktok.example.com/@openalpha_pet_007?utm_source=open_alpha_case,Fully Synthetic Creator 007,100000,30000,4.0%,US,EN,creator007@open-alpha.example.com,creator,2026-07-29,2026-07-10,2026-07-30T08:00:00Z,2026-07-30T08:00:00Z,false,Fully Synthetic Open Alpha Case; segment=verify_high_conflict
OA-W-007-2,TikTok,tt_open_alpha_007,@openalpha_pet_007,https://tiktok.example.com/@openalpha_pet_007?utm_source=open_alpha_case,Fully Synthetic Creator 007,100000,30000,4.0%,US,EN,creator007@open-alpha.example.com,creator,2026-07-29,2026-07-10,2026-07-30T08:00:00Z,2026-07-30T08:00:00Z,false,Fully Synthetic Open Alpha Case; segment=verify_high_conflict
OA-W-008-1,TikTok,tt_open_alpha_008,@openalpha_pet_008,https://tiktok.example.com/@openalpha_pet_008?utm_source=open_alpha_case,Fully Synthetic Creator 008,100000,30000,4.0%,US,EN,creator008@open-alpha.example.com,creator,2026-07-29,2026-07-10,2026-07-30T08:00:00Z,2026-07-30T08:00:00Z,false,Fully Synthetic Open Alpha Case; segment=verify_high_conflict
OA-W-008-2,TikTok,tt_open_alpha_008,@openalpha_pet_008,https://tiktok.example.com/@openalpha_pet_008?utm_source=open_alpha_case,Fully Synthetic Creator 008,100000,30000,4.0%,US,EN,creator008@open-alpha.example.com,creator,2026-07-29,2026-07-10,2026-07-30T08:00:00Z,2026-07-30T08:00:00Z,false,Fully Synthetic Open Alpha Case; segment=verify_high_conflict
OA-W-009-1,TikTok,tt_open_alpha_009,@openalpha_pet_009,https://tiktok.example.com/@openalpha_pet_009?utm_source=open_alpha_case,Fully Synthetic Creator 009,100000,30000,4.0%,US,EN,creator009@open-alpha.example.com,creator,2026-07-29,2026-07-10,2026-07-30T08:00:00Z,2026-07-30T08:00:00Z,false,Fully Synthetic Open Alpha Case; segment=verify_high_conflict
OA-W-009-2,TikTok,tt_open_alpha_009,@openalpha_pet_009,https://tiktok.example.com/@openalpha_pet_009?utm_source=open_alpha_case,Fully Synthetic Creator 009,100000,30000,4.0%,US,EN,creator009@open-alpha.example.com,creator,2026-07-29,2026-07-10,2026-07-30T08:00:00Z,2026-07-30T08:00:00Z,false,Fully Synthetic Open Alpha Case; segment=verify_high_conflict
OA-W-010-1,TikTok,tt_open_alpha_010,@openalpha_pet_010,https://tiktok.example.com/@openalpha_pet_010?utm_source=open_alpha_case,Fully Synthetic Creator 010,100000,30000,4.0%,US,EN,creator010@open-alpha.example.com,creator,2026-07-29,2026-07-10,2026-07-30T08:00:00Z,2026-07-30T08:00:00Z,false,Fully Synthetic Open Alpha Case; segment=verify_high_conflict
OA-W-010-2,TikTok,tt_open_alpha_010,@openalpha_pet_010,https://tiktok.example.com/@openalpha_pet_010?utm_source=open_alpha_case,Fully Synthetic Creator 010,100000,30000,4.0%,US,EN,creator010@open-alpha.example.com,creator,2026-07-29,2026-07-10,2026-07-30T08:00:00Z,2026-07-30T08:00:00Z,false,Fully Synthetic Open Alpha Case; segment=verify_high_conflict
OA-W-011-1,TikTok,tt_open_alpha_011,@openalpha_pet_011,https://tiktok.example.com/@openalpha_pet_011?utm_source=open_alpha_case,Fully Synthetic Creator 011,100000,30000,4.0%,US,EN,creator011@open-alpha.example.com,creator,2026-07-29,2026-07-10,2026-07-30T08:00:00Z,2026-07-30T08:00:00Z,false,Fully Synthetic Open Alpha Case; segment=verify_high_conflict
OA-W-011-2,TikTok,tt_open_alpha_011,@openalpha_pet_011,https://tiktok.example.com/@openalpha_pet_011?utm_source=open_alpha_case,Fully Synthetic Creator 011,100000,30000,4.0%,US,EN,creator011@open-alpha.example.com,creator,2026-07-29,2026-07-10,2026-07-30T08:00:00Z,2026-07-30T08:00:00Z,false,Fully Synthetic Open Alpha Case; segment=verify_high_conflict
OA-W-012-1,TikTok,tt_open_alpha_012,@openalpha_pet_012,https://tiktok.example.com/@openalpha_pet_012?utm_source=open_alpha_case,Fully Synthetic Creator 012,100000,30000,4.0%,US,EN,creator012@open-alpha.example.com,creator,2026-07-29,2026-07-10,2026-07-30T08:00:00Z,2026-07-30T08:00:00Z,false,Fully Synthetic Open Alpha Case; segment=verify_high_conflict
OA-W-012-2,TikTok,tt_open_alpha_012,@openalpha_pet_012,https://tiktok.example.com/@openalpha_pet_012?utm_source=open_alpha_case,Fully Synthetic Creator 012,100000,30000,4.0%,US,EN,creator012@open-alpha.example.com,creator,2026-07-29,2026-07-10,2026-07-30T08:00:00Z,2026-07-30T08:00:00Z,false,Fully Synthetic Open Alpha Case; segment=verify_high_conflict
OA-W-013-1,TikTok,tt_open_alpha_013,@openalpha_pet_013,https://tiktok.example.com/@openalpha_pet_013?utm_source=open_alpha_case,Fully Synthetic Creator 013,100000,30000,4.0%,US,EN,creator013@open-alpha.example.com,creator,2026-07-29,2026-07-10,2026-07-30T08:00:00Z,2026-07-30T08:00:00Z,false,Fully Synthetic Open Alpha Case; segment=verify_high_conflict
OA-W-013-2,TikTok,tt_open_alpha_013,@openalpha_pet_013,https://tiktok.example.com/@openalpha_pet_013?utm_source=open_alpha_case,Fully Synthetic Creator 013,100000,30000,4.0%,US,EN,creator013@open-alpha.example.com,creator,2026-07-29,2026-07-10,2026-07-30T08:00:00Z,2026-07-30T08:00:00Z,false,Fully Synthetic Open Alpha Case; segment=verify_high_conflict
OA-W-014-1,TikTok,tt_open_alpha_014,@openalpha_pet_014,https://tiktok.example.com/@openalpha_pet_014?utm_source=open_alpha_case,Fully Synthetic Creator 014,100000,30000,4.0%,US,EN,creator014@open-alpha.example.com,creator,2026-07-29,2026-07-10,2026-07-30T08:00:00Z,2026-07-30T08:00:00Z,false,Fully Synthetic Open Alpha Case; segment=verify_high_conflict
OA-W-014-2,TikTok,tt_open_alpha_014,@openalpha_pet_014,https://tiktok.example.com/@openalpha_pet_014?utm_source=open_alpha_case,Fully Synthetic Creator 014,100000,30000,4.0%,US,EN,creator014@open-alpha.example.com,creator,2026-07-29,2026-07-10,2026-07-30T08:00:00Z,2026-07-30T08:00:00Z,false,Fully Synthetic Open Alpha Case; segment=verify_high_conflict
OA-W-015-1,TikTok,tt_open_alpha_015,@openalpha_pet_015,https://tiktok.example.com/@openalpha_pet_015?utm_source=open_alpha_case,Fully Synthetic Creator 015,100000,30000,4.0%,US,EN,creator015@open-alpha.example.com,creator,2026-07-29,2026-07-10,2026-07-30T08:00:00Z,2026-07-30T08:00:00Z,false,Fully Synthetic Open Alpha Case; segment=verify_high_conflict
OA-W-015-2,TikTok,tt_open_alpha_015,@openalpha_pet_015,https://tiktok.example.com/@openalpha_pet_015?utm_source=open_alpha_case,Fully Synthetic Creator 015,100000,30000,4.0%,US,EN,creator015@open-alpha.example.com,creator,2026-07-29,2026-07-10,2026-07-30T08:00:00Z,2026-07-30T08:00:00Z,false,Fully Synthetic Open Alpha Case; segment=verify_high_conflict
OA-W-016-1,TikTok,tt_open_alpha_016,@openalpha_pet_016,https://tiktok.example.com/@openalpha_pet_016?utm_source=open_alpha_case,Fully Synthetic Creator 016,100000,30000,4.0%,US,EN,creator016@open-alpha.example.com,creator,2026-07-29,2026-07-10,2026-07-30T08:00:00Z,2026-07-30T08:00:00Z,false,Fully Synthetic Open Alpha Case; segment=verify_high_conflict
OA-W-016-2,TikTok,tt_open_alpha_016,@openalpha_pet_016,https://tiktok.example.com/@openalpha_pet_016?utm_source=open_alpha_case,Fully Synthetic Creator 016,100000,30000,4.0%,US,EN,creator016@open-alpha.example.com,creator,2026-07-29,2026-07-10,2026-07-30T08:00:00Z,2026-07-30T08:00:00Z,false,Fully Synthetic Open Alpha Case; segment=verify_high_conflict
OA-W-017-1,TikTok,tt_open_alpha_017,@openalpha_pet_017,https://tiktok.example.com/@openalpha_pet_017?utm_source=open_alpha_case,Fully Synthetic Creator 017,100000,30000,4.0%,US,EN,creator017@open-alpha.example.com,creator,2026-07-29,2026-07-10,2026-07-30T08:00:00Z,2026-07-30T08:00:00Z,false,Fully Synthetic Open Alpha Case; segment=verify_high_conflict
OA-W-017-2,TikTok,tt_open_alpha_017,@openalpha_pet_017,https://tiktok.example.com/@openalpha_pet_017?utm_source=open_alpha_case,Fully Synthetic Creator 017,100000,30000,4.0%,US,EN,creator017@open-alpha.example.com,creator,2026-07-29,2026-07-10,2026-07-30T08:00:00Z,2026-07-30T08:00:00Z,false,Fully Synthetic Open Alpha Case; segment=verify_high_conflict
OA-W-018-1,TikTok,tt_open_alpha_018,@openalpha_pet_018,https://tiktok.example.com/@openalpha_pet_018?utm_source=open_alpha_case,Fully Synthetic Creator 018,100000,30000,4.0%,US,EN,creator018@open-alpha.example.com,creator,2026-07-29,2026-07-10,2026-07-30T08:00:00Z,2026-07-30T08:00:00Z,false,Fully Synthetic Open Alpha Case; segment=verify_high_conflict
OA-W-018-2,TikTok,tt_open_alpha_018,@openalpha_pet_018,https://tiktok.example.com/@openalpha_pet_018?utm_source=open_alpha_case,Fully Synthetic Creator 018,100000,30000,4.0%,US,EN,creator018@open-alpha.example.com,creator,2026-07-29,2026-07-10,2026-07-30T08:00:00Z,2026-07-30T08:00:00Z,false,Fully Synthetic Open Alpha Case; segment=verify_high_conflict
OA-W-019-1,TikTok,tt_open_alpha_019,@openalpha_pet_019,https://tiktok.example.com/@openalpha_pet_019?utm_source=open_alpha_case,Fully Synthetic Creator 019,100000,30000,4.0%,US,EN,creator019@open-alpha.example.com,creator,2026-07-29,2026-07-10,2026-07-30T08:00:00Z,2026-07-30T08:00:00Z,false,Fully Synthetic Open Alpha Case; segment=priority
OA-W-019-2,TikTok,tt_open_alpha_019,@openalpha_pet_019,https://tiktok.example.com/@openalpha_pet_019?utm_source=open_alpha_case,Fully Synthetic Creator 019,100000,30000,4.0%,US,EN,creator019@open-alpha.example.com,creator,2026-07-29,2026-07-10,2026-07-30T08:00:00Z,2026-07-30T08:00:00Z,false,Fully Synthetic Open Alpha Case; segment=priority
OA-W-020-1,TikTok,tt_open_alpha_020,@openalpha_pet_020,https://tiktok.example.com/@openalpha_pet_020?utm_source=open_alpha_case,Fully Synthetic Creator 020,100000,30000,4.0%,US,EN,creator020@open-alpha.example.com,creator,2026-07-29,2026-07-10,2026-07-30T08:00:00Z,2026-07-30T08:00:00Z,false,Fully Synthetic Open Alpha Case; segment=priority
OA-W-020-2,TikTok,tt_open_alpha_020,@openalpha_pet_020,https://tiktok.example.com/@openalpha_pet_020?utm_source=open_alpha_case,Fully Synthetic Creator 020,100000,30000,4.0%,US,EN,creator020@open-alpha.example.com,creator,2026-07-29,2026-07-10,2026-07-30T08:00:00Z,2026-07-30T08:00:00Z,false,Fully Synthetic Open Alpha Case; segment=priority
OA-W-021-1,TikTok,tt_open_alpha_021,@openalpha_pet_021,https://tiktok.example.com/@openalpha_pet_021?utm_source=open_alpha_case,Fully Synthetic Creator 021,100000,30000,4.0%,US,EN,creator021@open-alpha.example.com,creator,2026-07-29,2026-07-10,2026-07-30T08:00:00Z,2026-07-30T08:00:00Z,false,Fully Synthetic Open Alpha Case; segment=priority
OA-W-022-1,TikTok,tt_open_alpha_022,@openalpha_pet_022,https://tiktok.example.com/@openalpha_pet_022?utm_source=open_alpha_case,Fully Synthetic Creator 022,100000,30000,4.0%,US,EN,creator022@open-alpha.example.com,creator,2026-07-29,2026-07-10,2026-07-30T08:00:00Z,2026-07-30T08:00:00Z,false,Fully Synthetic Open Alpha Case; segment=priority
OA-W-023-1,TikTok,tt_open_alpha_023,@openalpha_pet_023,https://tiktok.example.com/@openalpha_pet_023?utm_source=open_alpha_case,Fully Synthetic Creator 023,100000,30000,4.0%,US,EN,creator023@open-alpha.example.com,creator,2026-07-29,2026-07-10,2026-07-30T08:00:00Z,2026-07-30T08:00:00Z,false,Fully Synthetic Open Alpha Case; segment=priority
OA-W-024-1,TikTok,tt_open_alpha_024,@openalpha_pet_024,https://tiktok.example.com/@openalpha_pet_024?utm_source=open_alpha_case,Fully Synthetic Creator 024,100000,30000,4.0%,US,EN,creator024@open-alpha.example.com,creator,2026-07-29,2026-07-10,2026-07-30T08:00:00Z,2026-07-30T08:00:00Z,false,Fully Synthetic Open Alpha Case; segment=priority
OA-W-025-1,TikTok,tt_open_alpha_025,@openalpha_pet_025,https://tiktok.example.com/@openalpha_pet_025?utm_source=open_alpha_case,Fully Synthetic Creator 025,100000,30000,4.0%,US,EN,creator025@open-alpha.example.com,creator,2026-07-29,2026-07-10,2026-07-30T08:00:00Z,2026-07-30T08:00:00Z,false,Fully Synthetic Open Alpha Case; segment=priority
OA-W-026-1,TikTok,tt_open_alpha_026,@openalpha_pet_026,https://tiktok.example.com/@openalpha_pet_026?utm_source=open_alpha_case,Fully Synthetic Creator 026,100000,30000,4.0%,US,EN,creator026@open-alpha.example.com,creator,2026-07-29,2026-07-10,2026-07-30T08:00:00Z,2026-07-30T08:00:00Z,false,Fully Synthetic Open Alpha Case; segment=priority
OA-W-027-1,TikTok,tt_open_alpha_027,@openalpha_pet_027,https://tiktok.example.com/@openalpha_pet_027?utm_source=open_alpha_case,Fully Synthetic Creator 027,100000,30000,4.0%,US,EN,creator027@open-alpha.example.com,creator,2026-07-29,2026-07-10,2026-07-30T08:00:00Z,2026-07-30T08:00:00Z,false,Fully Synthetic Open Alpha Case; segment=priority
OA-W-028-1,TikTok,tt_open_alpha_028,@openalpha_pet_028,https://tiktok.example.com/@openalpha_pet_028?utm_source=open_alpha_case,Fully Synthetic Creator 028,100000,30000,4.0%,US,EN,creator028@open-alpha.example.com,creator,2026-07-29,2026-07-10,2026-07-30T08:00:00Z,2026-07-30T08:00:00Z,false,Fully Synthetic Open Alpha Case; segment=priority
OA-W-029-1,TikTok,tt_open_alpha_029,@openalpha_pet_029,https://tiktok.example.com/@openalpha_pet_029?utm_source=open_alpha_case,Fully Synthetic Creator 029,100000,30000,4.0%,US,EN,creator029@open-alpha.example.com,creator,2026-07-29,2026-07-10,2026-07-30T08:00:00Z,2026-07-30T08:00:00Z,false,Fully Synthetic Open Alpha Case; segment=priority
OA-W-030-1,TikTok,tt_open_alpha_030,@openalpha_pet_030,https://tiktok.example.com/@openalpha_pet_030?utm_source=open_alpha_case,Fully Synthetic Creator 030,100000,30000,4.0%,US,EN,creator030@open-alpha.example.com,creator,2026-07-29,2026-07-10,2026-07-30T08:00:00Z,2026-07-30T08:00:00Z,false,Fully Synthetic Open Alpha Case; segment=priority
OA-W-031-1,TikTok,tt_open_alpha_031,@openalpha_pet_031,https://tiktok.example.com/@openalpha_pet_031?utm_source=open_alpha_case,Fully Synthetic Creator 031,100000,30000,4.0%,US,EN,creator031@open-alpha.example.com,creator,2026-07-29,2026-07-10,2026-07-30T08:00:00Z,2026-07-30T08:00:00Z,false,Fully Synthetic Open Alpha Case; segment=priority
OA-W-032-1,TikTok,tt_open_alpha_032,@openalpha_pet_032,https://tiktok.example.com/@openalpha_pet_032?utm_source=open_alpha_case,Fully Synthetic Creator 032,100000,30000,4.0%,US,EN,creator032@open-alpha.example.com,creator,2026-07-29,2026-07-10,2026-07-30T08:00:00Z,2026-07-30T08:00:00Z,false,Fully Synthetic Open Alpha Case; segment=priority
OA-W-033-1,TikTok,tt_open_alpha_033,@openalpha_pet_033,https://tiktok.example.com/@openalpha_pet_033?utm_source=open_alpha_case,Fully Synthetic Creator 033,100000,30000,4.0%,US,EN,creator033@open-alpha.example.com,creator,2026-07-29,2026-07-10,2026-07-30T08:00:00Z,2026-07-30T08:00:00Z,false,Fully Synthetic Open Alpha Case; segment=priority
OA-W-034-1,TikTok,tt_open_alpha_034,@openalpha_pet_034,https://tiktok.example.com/@openalpha_pet_034?utm_source=open_alpha_case,Fully Synthetic Creator 034,100000,30000,4.0%,US,EN,creator034@open-alpha.example.com,creator,2026-07-29,2026-07-10,2026-07-30T08:00:00Z,2026-07-30T08:00:00Z,false,Fully Synthetic Open Alpha Case; segment=priority
OA-W-035-1,TikTok,tt_open_alpha_035,@openalpha_pet_035,https://tiktok.example.com/@openalpha_pet_035?utm_source=open_alpha_case,Fully Synthetic Creator 035,100000,30000,4.0%,US,EN,creator035@open-alpha.example.com,creator,2026-07-29,2026-07-10,2026-07-30T08:00:00Z,2026-07-30T08:00:00Z,false,Fully Synthetic Open Alpha Case; segment=priority
OA-W-036-1,TikTok,tt_open_alpha_036,@openalpha_pet_036,https://tiktok.example.com/@openalpha_pet_036?utm_source=open_alpha_case,Fully Synthetic Creator 036,100000,30000,4.0%,US,EN,creator036@open-alpha.example.com,creator,2026-07-29,2026-07-10,2026-07-30T08:00:00Z,2026-07-30T08:00:00Z,false,Fully Synthetic Open Alpha Case; segment=priority
OA-W-037-1,TikTok,tt_open_alpha_037,@openalpha_pet_037,https://tiktok.example.com/@openalpha_pet_037?utm_source=open_alpha_case,Fully Synthetic Creator 037,100000,30000,4.0%,US,EN,creator037@open-alpha.example.com,creator,2026-07-29,2026-07-10,2026-07-30T08:00:00Z,2026-07-30T08:00:00Z,false,Fully Synthetic Open Alpha Case; segment=priority
OA-W-038-1,TikTok,tt_open_alpha_038,@openalpha_pet_038,https://tiktok.example.com/@openalpha_pet_038?utm_source=open_alpha_case,Fully Synthetic Creator 038,100000,30000,4.0%,US,EN,creator038@open-alpha.example.com,creator,2026-07-29,2026-07-10,2026-07-30T08:00:00Z,2026-07-30T08:00:00Z,false,Fully Synthetic Open Alpha Case; segment=priority
OA-W-039-1,TikTok,tt_open_alpha_039,@openalpha_pet_039,https://tiktok.example.com/@openalpha_pet_039?utm_source=open_alpha_case,Fully Synthetic Creator 039,100000,30000,4.0%,BR,PT,creator039@open-alpha.example.com,creator,2026-07-29,2026-07-10,2026-07-30T08:00:00Z,2026-07-30T08:00:00Z,false,Fully Synthetic Open Alpha Case; segment=excluded_duplicate
OA-W-040-1,TikTok,tt_open_alpha_040,@openalpha_pet_040,https://tiktok.example.com/@openalpha_pet_040?utm_source=open_alpha_case,Fully Synthetic Creator 040,100000,30000,4.0%,BR,PT,creator040@open-alpha.example.com,creator,2026-07-29,2026-07-10,2026-07-30T08:00:00Z,2026-07-30T08:00:00Z,false,Fully Synthetic Open Alpha Case; segment=excluded_duplicate
OA-W-041-1,TikTok,tt_open_alpha_041,@openalpha_pet_041,https://tiktok.example.com/@openalpha_pet_041?utm_source=open_alpha_case,Fully Synthetic Creator 041,100000,30000,4.0%,BR,PT,creator041@open-alpha.example.com,creator,2026-07-29,2026-07-10,2026-07-30T08:00:00Z,2026-07-30T08:00:00Z,false,Fully Synthetic Open Alpha Case; segment=excluded_duplicate
OA-W-042-1,TikTok,tt_open_alpha_042,@openalpha_pet_042,https://tiktok.example.com/@openalpha_pet_042?utm_source=open_alpha_case,Fully Synthetic Creator 042,100000,30000,4.0%,BR,PT,creator042@open-alpha.example.com,creator,2026-07-29,2026-07-10,2026-07-30T08:00:00Z,2026-07-30T08:00:00Z,false,Fully Synthetic Open Alpha Case; segment=excluded_duplicate
OA-W-043-1,TikTok,tt_open_alpha_043,@openalpha_pet_043,https://tiktok.example.com/@openalpha_pet_043?utm_source=open_alpha_case,Fully Synthetic Creator 043,100000,30000,4.0%,BR,PT,creator043@open-alpha.example.com,creator,2026-07-29,2026-07-10,2026-07-30T08:00:00Z,2026-07-30T08:00:00Z,false,Fully Synthetic Open Alpha Case; segment=excluded_duplicate
OA-W-044-1,TikTok,tt_open_alpha_044,@openalpha_pet_044,https://tiktok.example.com/@openalpha_pet_044?utm_source=open_alpha_case,Fully Synthetic Creator 044,100000,30000,4.0%,BR,PT,creator044@open-alpha.example.com,creator,2026-07-29,2026-07-10,2026-07-30T08:00:00Z,2026-07-30T08:00:00Z,false,Fully Synthetic Open Alpha Case; segment=excluded_duplicate
OA-W-045-1,TikTok,tt_open_alpha_045,@openalpha_pet_045,https://tiktok.example.com/@openalpha_pet_045?utm_source=open_alpha_case,Fully Synthetic Creator 045,100000,30000,4.0%,BR,PT,creator045@open-alpha.example.com,creator,2026-07-29,2026-07-10,2026-07-30T08:00:00Z,2026-07-30T08:00:00Z,false,Fully Synthetic Open Alpha Case; segment=excluded_duplicate
OA-W-046-1,TikTok,tt_open_alpha_046,@openalpha_pet_046,https://tiktok.example.com/@openalpha_pet_046?utm_source=open_alpha_case,Fully Synthetic Creator 046,100000,30000,4.0%,BR,PT,creator046@open-alpha.example.com,creator,2026-07-29,2026-07-10,2026-07-30T08:00:00Z,2026-07-30T08:00:00Z,false,Fully Synthetic Open Alpha Case; segment=excluded_duplicate
OA-W-047-1,TikTok,tt_open_alpha_047,@openalpha_pet_047,https://tiktok.example.com/@openalpha_pet_047?utm_source=open_alpha_case,Fully Synthetic Creator 047,100000,30000,4.0%,US,EN,creator047@open-alpha.example.com,creator,2026-07-29,2026-07-10,2026-07-30T08:00:00Z,2026-01-01T08:00:00Z,false,Fully Synthetic Open Alpha Case; segment=verify_stale_contact
OA-W-048-1,TikTok,tt_open_alpha_048,@openalpha_pet_048,https://tiktok.example.com/@openalpha_pet_048?utm_source=open_alpha_case,Fully Synthetic Creator 048,100000,30000,4.0%,US,EN,creator048@open-alpha.example.com,creator,2026-07-29,2026-07-10,2026-07-30T08:00:00Z,2026-01-01T08:00:00Z,false,Fully Synthetic Open Alpha Case; segment=verify_stale_contact
OA-W-049-1,TikTok,tt_open_alpha_049,@openalpha_pet_049,https://tiktok.example.com/@openalpha_pet_049?utm_source=open_alpha_case,Fully Synthetic Creator 049,100000,30000,4.0%,US,EN,creator049@open-alpha.example.com,creator,2026-07-29,2026-07-10,2026-07-30T08:00:00Z,2026-01-01T08:00:00Z,false,Fully Synthetic Open Alpha Case; segment=verify_stale_contact
OA-W-050-1,TikTok,tt_open_alpha_050,@openalpha_pet_050,https://tiktok.example.com/@openalpha_pet_050?utm_source=open_alpha_case,Fully Synthetic Creator 050,100000,30000,4.0%,US,EN,creator050@open-alpha.example.com,creator,2026-07-29,2026-07-10,2026-07-30T08:00:00Z,2026-01-01T08:00:00Z,false,Fully Synthetic Open Alpha Case; segment=verify_stale_contact
OA-W-051-1,TikTok,tt_open_alpha_051,@openalpha_pet_051,https://tiktok.example.com/@openalpha_pet_051?utm_source=open_alpha_case,Fully Synthetic Creator 051,100000,30000,4.0%,US,EN,creator051@open-alpha.example.com,creator,2026-07-29,2026-07-10,2026-07-30T08:00:00Z,2026-01-01T08:00:00Z,false,Fully Synthetic Open Alpha Case; segment=verify_stale_contact
OA-W-052-1,TikTok,tt_open_alpha_052,@openalpha_pet_052,https://tiktok.example.com/@openalpha_pet_052?utm_source=open_alpha_case,Fully Synthetic Creator 052,100000,30000,4.0%,US,EN,creator052@open-alpha.example.com,creator,2026-07-29,2026-07-10,2026-07-30T08:00:00Z,2026-01-01T08:00:00Z,false,Fully Synthetic Open Alpha Case; segment=verify_stale_contact
OA-W-053-1,TikTok,tt_open_alpha_053,@openalpha_pet_053,https://tiktok.example.com/@openalpha_pet_053?utm_source=open_alpha_case,Fully Synthetic Creator 053,100000,30000,4.0%,US,EN,creator053@open-alpha.example.com,creator,2026-07-29,2026-07-10,2026-07-30T08:00:00Z,2026-01-01T08:00:00Z,false,Fully Synthetic Open Alpha Case; segment=verify_stale_contact
OA-W-054-1,TikTok,tt_open_alpha_054,@openalpha_pet_054,https://tiktok.example.com/@openalpha_pet_054?utm_source=open_alpha_case,Fully Synthetic Creator 054,100000,30000,4.0%,US,EN,creator054@open-alpha.example.com,creator,2026-07-29,2026-07-10,2026-07-30T08:00:00Z,2026-01-01T08:00:00Z,false,Fully Synthetic Open Alpha Case; segment=verify_stale_contact
OA-W-055-1,TikTok,tt_open_alpha_055,@openalpha_pet_055,https://tiktok.example.com/@openalpha_pet_055?utm_source=open_alpha_case,Fully Synthetic Creator 055,100000,30000,4.0%,US,EN,creator055@open-alpha.example.com,creator,2026-07-29,2026-07-10,2026-07-30T08:00:00Z,2026-01-01T08:00:00Z,false,Fully Synthetic Open Alpha Case; segment=verify_stale_contact
OA-W-056-1,TikTok,tt_open_alpha_056,@openalpha_pet_056,https://tiktok.example.com/@openalpha_pet_056?utm_source=open_alpha_case,Fully Synthetic Creator 056,100000,30000,4.0%,BR,PT,creator056@open-alpha.example.com,creator,2026-07-29,2026-07-10,2026-07-30T08:00:00Z,2026-01-01T08:00:00Z,false,Fully Synthetic Open Alpha Case; segment=excluded_stale_contact
OA-W-057-1,TikTok,tt_open_alpha_057,@openalpha_pet_057,https://tiktok.example.com/@openalpha_pet_057?utm_source=open_alpha_case,Fully Synthetic Creator 057,100000,30000,4.0%,BR,PT,creator057@open-alpha.example.com,creator,2026-07-29,2026-07-10,2026-07-30T08:00:00Z,2026-01-01T08:00:00Z,false,Fully Synthetic Open Alpha Case; segment=excluded_stale_contact
OA-W-058-1,TikTok,tt_open_alpha_058,@openalpha_pet_058,https://tiktok.example.com/@openalpha_pet_058?utm_source=open_alpha_case,Fully Synthetic Creator 058,100000,30000,4.0%,BR,PT,creator058@open-alpha.example.com,creator,2026-07-29,2026-07-10,2026-07-30T08:00:00Z,2026-01-01T08:00:00Z,false,Fully Synthetic Open Alpha Case; segment=excluded_stale_contact
OA-W-059-1,TikTok,tt_open_alpha_059,@openalpha_pet_059,https://tiktok.example.com/@openalpha_pet_059?utm_source=open_alpha_case,Fully Synthetic Creator 059,100000,30000,4.0%,BR,PT,creator059@open-alpha.example.com,creator,2026-07-29,2026-07-10,2026-07-30T08:00:00Z,2026-01-01T08:00:00Z,false,Fully Synthetic Open Alpha Case; segment=excluded_stale_contact
OA-W-060-1,TikTok,tt_open_alpha_060,@openalpha_pet_060,https://tiktok.example.com/@openalpha_pet_060?utm_source=open_alpha_case,Fully Synthetic Creator 060,100000,30000,4.0%,BR,PT,creator060@open-alpha.example.com,creator,2026-07-29,2026-07-10,2026-07-30T08:00:00Z,2026-01-01T08:00:00Z,false,Fully Synthetic Open Alpha Case; segment=excluded_stale_contact
OA-W-061-1,TikTok,tt_open_alpha_061,@openalpha_pet_061,https://tiktok.example.com/@openalpha_pet_061?utm_source=open_alpha_case,Fully Synthetic Creator 061,100000,30000,4.0%,BR,PT,creator061@open-alpha.example.com,creator,2026-07-29,2026-07-10,2026-07-30T08:00:00Z,2026-01-01T08:00:00Z,false,Fully Synthetic Open Alpha Case; segment=excluded_stale_contact
OA-W-062-1,TikTok,tt_open_alpha_062,@openalpha_pet_062,https://tiktok.example.com/@openalpha_pet_062?utm_source=open_alpha_case,Fully Synthetic Creator 062,100000,30000,4.0%,BR,PT,creator062@open-alpha.example.com,creator,2026-07-29,2026-07-10,2026-07-30T08:00:00Z,2026-01-01T08:00:00Z,false,Fully Synthetic Open Alpha Case; segment=excluded_stale_contact
OA-W-063-1,TikTok,tt_open_alpha_063,@openalpha_pet_063,https://tiktok.example.com/@openalpha_pet_063?utm_source=open_alpha_case,Fully Synthetic Creator 063,100000,30000,4.0%,BR,PT,creator063@open-alpha.example.com,creator,2026-07-29,2026-07-10,2026-07-30T08:00:00Z,2026-01-01T08:00:00Z,false,Fully Synthetic Open Alpha Case; segment=excluded_stale_contact
OA-W-064-1,TikTok,tt_open_alpha_064,@openalpha_pet_064,https://tiktok.example.com/@openalpha_pet_064?utm_source=open_alpha_case,Fully Synthetic Creator 064,100000,30000,4.0%,BR,PT,creator064@open-alpha.example.com,creator,2026-07-29,2026-07-10,2026-07-30T08:00:00Z,2026-01-01T08:00:00Z,false,Fully Synthetic Open Alpha Case; segment=excluded_stale_contact
OA-W-065-1,TikTok,tt_open_alpha_065,@openalpha_pet_065,https://tiktok.example.com/@openalpha_pet_065?utm_source=open_alpha_case,Fully Synthetic Creator 065,100000,30000,4.0%,BR,PT,creator065@open-alpha.example.com,creator,2026-07-29,2026-07-10,2026-07-30T08:00:00Z,2026-01-01T08:00:00Z,false,Fully Synthetic Open Alpha Case; segment=excluded_stale_contact
OA-W-066-1,TikTok,tt_open_alpha_066,@openalpha_pet_066,https://tiktok.example.com/@openalpha_pet_066?utm_source=open_alpha_case,Fully Synthetic Creator 066,100000,30000,4.0%,BR,PT,creator066@open-alpha.example.com,creator,2026-07-29,2026-07-10,2026-07-30T08:00:00Z,2026-01-01T08:00:00Z,false,Fully Synthetic Open Alpha Case; segment=excluded_stale_contact
OA-W-067-1,TikTok,tt_open_alpha_067,@openalpha_pet_067,https://tiktok.example.com/@openalpha_pet_067?utm_source=open_alpha_case,Fully Synthetic Creator 067,100000,30000,4.0%,BR,PT,creator067@open-alpha.example.com,creator,2026-07-29,2026-07-10,2026-07-30T08:00:00Z,2026-01-01T08:00:00Z,false,Fully Synthetic Open Alpha Case; segment=excluded_stale_contact
OA-W-068-1,TikTok,tt_open_alpha_068,@openalpha_pet_068,https://tiktok.example.com/@openalpha_pet_068?utm_source=open_alpha_case,Fully Synthetic Creator 068,100000,30000,4.0%,BR,PT,creator068@open-alpha.example.com,creator,2026-07-29,2026-07-10,2026-07-30T08:00:00Z,2026-01-01T08:00:00Z,false,Fully Synthetic Open Alpha Case; segment=excluded_stale_contact
OA-W-069-1,TikTok,tt_open_alpha_069,@openalpha_pet_069,https://tiktok.example.com/@openalpha_pet_069?utm_source=open_alpha_case,Fully Synthetic Creator 069,100000,30000,4.0%,BR,PT,creator069@open-alpha.example.com,creator,2026-07-29,2026-07-10,2026-07-30T08:00:00Z,2026-01-01T08:00:00Z,false,Fully Synthetic Open Alpha Case; segment=excluded_stale_contact
OA-W-070-1,TikTok,tt_open_alpha_070,@openalpha_pet_070,https://tiktok.example.com/@openalpha_pet_070?utm_source=open_alpha_case,Fully Synthetic Creator 070,100000,30000,4.0%,BR,PT,creator070@open-alpha.example.com,creator,2026-07-29,2026-07-10,2026-07-30T08:00:00Z,2026-01-01T08:00:00Z,false,Fully Synthetic Open Alpha Case; segment=excluded_stale_contact
OA-W-071-1,TikTok,tt_open_alpha_071,@openalpha_pet_071,https://tiktok.example.com/@openalpha_pet_071?utm_source=open_alpha_case,Fully Synthetic Creator 071,100000,30000,4.0%,BR,PT,creator071@open-alpha.example.com,creator,2026-07-29,2026-07-10,2026-07-30T08:00:00Z,2026-01-01T08:00:00Z,false,Fully Synthetic Open Alpha Case; segment=excluded_stale_contact
OA-W-072-1,TikTok,tt_open_alpha_072,@openalpha_pet_072,https://tiktok.example.com/@openalpha_pet_072?utm_source=open_alpha_case,Fully Synthetic Creator 072,100000,30000,4.0%,BR,PT,creator072@open-alpha.example.com,creator,2026-07-29,2026-07-10,2026-07-30T08:00:00Z,2026-01-01T08:00:00Z,false,Fully Synthetic Open Alpha Case; segment=excluded_stale_contact
OA-W-073-1,TikTok,tt_open_alpha_073,@openalpha_pet_073,https://tiktok.example.com/@openalpha_pet_073?utm_source=open_alpha_case,Fully Synthetic Creator 073,100000,30000,4.0%,BR,PT,creator073@open-alpha.example.com,creator,2026-07-29,2026-07-10,2026-07-30T08:00:00Z,2026-01-01T08:00:00Z,false,Fully Synthetic Open Alpha Case; segment=excluded_stale_contact
OA-W-074-1,TikTok,tt_open_alpha_074,@openalpha_pet_074,https://tiktok.example.com/@openalpha_pet_074?utm_source=open_alpha_case,Fully Synthetic Creator 074,100000,30000,4.0%,BR,PT,creator074@open-alpha.example.com,creator,2026-07-29,2026-07-10,2026-07-30T08:00:00Z,2026-01-01T08:00:00Z,false,Fully Synthetic Open Alpha Case; segment=excluded_stale_contact
OA-W-075-1,TikTok,tt_open_alpha_075,@openalpha_pet_075,https://tiktok.example.com/@openalpha_pet_075?utm_source=open_alpha_case,Fully Synthetic Creator 075,100000,30000,4.0%,BR,PT,creator075@open-alpha.example.com,creator,2026-07-29,2026-07-10,2026-07-30T08:00:00Z,2026-01-01T08:00:00Z,false,Fully Synthetic Open Alpha Case; segment=excluded_stale_contact
OA-W-076-1,TikTok,tt_open_alpha_076,@openalpha_pet_076,https://tiktok.example.com/@openalpha_pet_076?utm_source=open_alpha_case,Fully Synthetic Creator 076,100000,30000,4.0%,BR,PT,creator076@open-alpha.example.com,creator,2026-07-29,2026-07-10,2026-07-30T08:00:00Z,2026-01-01T08:00:00Z,false,Fully Synthetic Open Alpha Case; segment=excluded_stale_contact
OA-W-077-1,TikTok,tt_open_alpha_077,@openalpha_pet_077,https://tiktok.example.com/@openalpha_pet_077?utm_source=open_alpha_case,Fully Synthetic Creator 077,100000,30000,4.0%,BR,PT,creator077@open-alpha.example.com,creator,2026-07-29,2026-07-10,2026-07-30T08:00:00Z,2026-01-01T08:00:00Z,false,Fully Synthetic Open Alpha Case; segment=excluded_stale_contact
OA-W-078-1,TikTok,tt_open_alpha_078,@openalpha_pet_078,https://tiktok.example.com/@openalpha_pet_078?utm_source=open_alpha_case,Fully Synthetic Creator 078,100000,30000,4.0%,BR,PT,creator078@open-alpha.example.com,creator,2026-07-29,2026-07-10,2026-07-30T08:00:00Z,2026-01-01T08:00:00Z,false,Fully Synthetic Open Alpha Case; segment=excluded_stale_contact
OA-W-079-1,TikTok,tt_open_alpha_079,@openalpha_pet_079,https://tiktok.example.com/@openalpha_pet_079?utm_source=open_alpha_case,Fully Synthetic Creator 079,100000,30000,4.0%,BR,PT,creator079@open-alpha.example.com,creator,2026-07-29,2026-07-10,2026-07-30T08:00:00Z,2026-01-01T08:00:00Z,false,Fully Synthetic Open Alpha Case; segment=excluded_stale_contact
OA-W-080-1,TikTok,tt_open_alpha_080,@openalpha_pet_080,https://tiktok.example.com/@openalpha_pet_080?utm_source=open_alpha_case,Fully Synthetic Creator 080,100000,30000,4.0%,BR,PT,creator080@open-alpha.example.com,creator,2026-07-29,2026-07-10,2026-07-30T08:00:00Z,2026-01-01T08:00:00Z,false,Fully Synthetic Open Alpha Case; segment=excluded_stale_contact
OA-W-081-1,TikTok,tt_open_alpha_081,@openalpha_pet_081,https://tiktok.example.com/@openalpha_pet_081?utm_source=open_alpha_case,Fully Synthetic Creator 081,100000,30000,4.0%,BR,PT,creator081@open-alpha.example.com,creator,2026-07-29,2026-07-10,2026-07-30T08:00:00Z,2026-01-01T08:00:00Z,false,Fully Synthetic Open Alpha Case; segment=excluded_stale_contact
OA-W-082-1,TikTok,tt_open_alpha_082,@openalpha_pet_082,https://tiktok.example.com/@openalpha_pet_082?utm_source=open_alpha_case,Fully Synthetic Creator 082,100000,30000,4.0%,BR,PT,creator082@open-alpha.example.com,creator,2026-07-29,2026-07-10,2026-07-30T08:00:00Z,2026-07-30T08:00:00Z,false,Fully Synthetic Open Alpha Case; segment=excluded_market
OA-W-083-1,TikTok,tt_open_alpha_083,@openalpha_pet_083,https://tiktok.example.com/@openalpha_pet_083?utm_source=open_alpha_case,Fully Synthetic Creator 083,100000,30000,4.0%,BR,PT,creator083@open-alpha.example.com,creator,2026-07-29,2026-07-10,2026-07-30T08:00:00Z,2026-07-30T08:00:00Z,false,Fully Synthetic Open Alpha Case; segment=excluded_market
OA-W-084-1,TikTok,tt_open_alpha_084,@openalpha_pet_084,https://tiktok.example.com/@openalpha_pet_084?utm_source=open_alpha_case,Fully Synthetic Creator 084,100000,30000,4.0%,BR,PT,creator084@open-alpha.example.com,creator,2026-07-29,2026-07-10,2026-07-30T08:00:00Z,2026-07-30T08:00:00Z,false,Fully Synthetic Open Alpha Case; segment=excluded_market
OA-W-085-1,TikTok,tt_open_alpha_085,@openalpha_pet_085,https://tiktok.example.com/@openalpha_pet_085?utm_source=open_alpha_case,Fully Synthetic Creator 085,100000,30000,4.0%,BR,PT,creator085@open-alpha.example.com,creator,2026-07-29,2026-07-10,2026-07-30T08:00:00Z,2026-07-30T08:00:00Z,false,Fully Synthetic Open Alpha Case; segment=excluded_market
OA-W-086-1,TikTok,tt_open_alpha_086,@openalpha_pet_086,https://tiktok.example.com/@openalpha_pet_086?utm_source=open_alpha_case,Fully Synthetic Creator 086,100000,30000,4.0%,BR,PT,creator086@open-alpha.example.com,creator,2026-07-29,2026-07-10,2026-07-30T08:00:00Z,2026-07-30T08:00:00Z,false,Fully Synthetic Open Alpha Case; segment=excluded_market
OA-W-087-1,TikTok,tt_open_alpha_087,@openalpha_pet_087,https://tiktok.example.com/@openalpha_pet_087?utm_source=open_alpha_case,Fully Synthetic Creator 087,100000,30000,4.0%,BR,PT,creator087@open-alpha.example.com,creator,2026-07-29,2026-07-10,2026-07-30T08:00:00Z,2026-07-30T08:00:00Z,false,Fully Synthetic Open Alpha Case; segment=excluded_market
OA-W-088-1,TikTok,tt_open_alpha_088,@openalpha_pet_088,https://tiktok.example.com/@openalpha_pet_088?utm_source=open_alpha_case,Fully Synthetic Creator 088,100000,30000,4.0%,BR,PT,creator088@open-alpha.example.com,creator,2026-07-29,2026-07-10,2026-07-30T08:00:00Z,2026-07-30T08:00:00Z,false,Fully Synthetic Open Alpha Case; segment=excluded_market
OA-W-089-1,TikTok,tt_open_alpha_089,@openalpha_pet_089,https://tiktok.example.com/@openalpha_pet_089?utm_source=open_alpha_case,Fully Synthetic Creator 089,100000,30000,4.0%,BR,PT,creator089@open-alpha.example.com,creator,2026-07-29,2026-07-10,2026-07-30T08:00:00Z,2026-07-30T08:00:00Z,false,Fully Synthetic Open Alpha Case; segment=excluded_market
OA-W-090-1,TikTok,tt_open_alpha_090,@openalpha_pet_090,https://tiktok.example.com/@openalpha_pet_090?utm_source=open_alpha_case,Fully Synthetic Creator 090,100000,30000,4.0%,BR,PT,creator090@open-alpha.example.com,creator,2026-07-29,2026-07-10,2026-07-30T08:00:00Z,2026-07-30T08:00:00Z,false,Fully Synthetic Open Alpha Case; segment=excluded_market
OA-W-091-1,TikTok,tt_open_alpha_091,@openalpha_pet_091,https://tiktok.example.com/@openalpha_pet_091?utm_source=open_alpha_case,Fully Synthetic Creator 091,100000,30000,4.0%,BR,PT,creator091@open-alpha.example.com,creator,2026-07-29,2026-07-10,2026-07-30T08:00:00Z,2026-07-30T08:00:00Z,false,Fully Synthetic Open Alpha Case; segment=excluded_market
OA-W-092-1,TikTok,tt_open_alpha_092,@openalpha_pet_092,https://tiktok.example.com/@openalpha_pet_092?utm_source=open_alpha_case,Fully Synthetic Creator 092,100000,30000,4.0%,BR,PT,creator092@open-alpha.example.com,creator,2026-07-29,2026-07-10,2026-07-30T08:00:00Z,2026-07-30T08:00:00Z,false,Fully Synthetic Open Alpha Case; segment=excluded_market
OA-W-093-1,TikTok,tt_open_alpha_093,@openalpha_pet_093,https://tiktok.example.com/@openalpha_pet_093?utm_source=open_alpha_case,Fully Synthetic Creator 093,100000,30000,4.0%,BR,PT,creator093@open-alpha.example.com,creator,2026-07-29,2026-07-10,2026-07-30T08:00:00Z,2026-07-30T08:00:00Z,false,Fully Synthetic Open Alpha Case; segment=excluded_market
OA-W-094-1,TikTok,tt_open_alpha_094,@openalpha_pet_094,https://tiktok.example.com/@openalpha_pet_094?utm_source=open_alpha_case,Fully Synthetic Creator 094,100000,30000,4.0%,BR,PT,creator094@open-alpha.example.com,creator,2026-07-29,2026-07-10,2026-07-30T08:00:00Z,2026-07-30T08:00:00Z,false,Fully Synthetic Open Alpha Case; segment=excluded_market
OA-W-095-1,TikTok,tt_open_alpha_095,@openalpha_pet_095,https://tiktok.example.com/@openalpha_pet_095?utm_source=open_alpha_case,Fully Synthetic Creator 095,100000,30000,4.0%,BR,PT,creator095@open-alpha.example.com,creator,2026-07-29,2026-07-10,2026-07-30T08:00:00Z,2026-07-30T08:00:00Z,false,Fully Synthetic Open Alpha Case; segment=excluded_market
OA-W-096-1,TikTok,tt_open_alpha_096,@openalpha_pet_096,https://tiktok.example.com/@openalpha_pet_096?utm_source=open_alpha_case,Fully Synthetic Creator 096,100000,30000,4.0%,BR,PT,creator096@open-alpha.example.com,creator,2026-07-29,2026-07-10,2026-07-30T08:00:00Z,2026-07-30T08:00:00Z,false,Fully Synthetic Open Alpha Case; segment=excluded_market
OA-W-097-1,TikTok,tt_open_alpha_097,@openalpha_pet_097,https://tiktok.example.com/@openalpha_pet_097?utm_source=open_alpha_case,Fully Synthetic Creator 097,100000,30000,4.0%,BR,PT,creator097@open-alpha.example.com,creator,2026-07-29,2026-07-10,2026-07-30T08:00:00Z,2026-07-30T08:00:00Z,false,Fully Synthetic Open Alpha Case; segment=excluded_market
OA-W-098-1,TikTok,tt_open_alpha_098,@openalpha_pet_098,https://tiktok.example.com/@openalpha_pet_098?utm_source=open_alpha_case,Fully Synthetic Creator 098,100000,30000,4.0%,BR,PT,creator098@open-alpha.example.com,creator,2026-07-29,2026-07-10,2026-07-30T08:00:00Z,2026-07-30T08:00:00Z,false,Fully Synthetic Open Alpha Case; segment=excluded_market
OA-W-099-1,TikTok,tt_open_alpha_099,@openalpha_pet_099,https://tiktok.example.com/@openalpha_pet_099?utm_source=open_alpha_case,Fully Synthetic Creator 099,100000,30000,4.0%,BR,PT,creator099@open-alpha.example.com,creator,2026-07-29,2026-07-10,2026-07-30T08:00:00Z,2026-07-30T08:00:00Z,false,Fully Synthetic Open Alpha Case; segment=excluded_market
OA-W-100-1,TikTok,tt_open_alpha_100,@openalpha_pet_100,https://tiktok.example.com/@openalpha_pet_100?utm_source=open_alpha_case,Fully Synthetic Creator 100,100000,30000,4.0%,BR,PT,creator100@open-alpha.example.com,creator,2026-07-29,2026-07-10,2026-07-30T08:00:00Z,2026-07-30T08:00:00Z,false,Fully Synthetic Open Alpha Case; segment=excluded_market
OA-W-101-1,TikTok,tt_open_alpha_101,@openalpha_pet_101,https://tiktok.example.com/@openalpha_pet_101?utm_source=open_alpha_case,Fully Synthetic Creator 101,100000,30000,4.0%,BR,PT,creator101@open-alpha.example.com,creator,2026-07-29,2026-07-10,2026-07-30T08:00:00Z,2026-07-30T08:00:00Z,false,Fully Synthetic Open Alpha Case; segment=excluded_market
OA-W-102-1,TikTok,tt_open_alpha_102,@openalpha_pet_102,https://tiktok.example.com/@openalpha_pet_102?utm_source=open_alpha_case,Fully Synthetic Creator 102,100000,30000,4.0%,BR,PT,creator102@open-alpha.example.com,creator,2026-07-29,2026-07-10,2026-07-30T08:00:00Z,2026-07-30T08:00:00Z,false,Fully Synthetic Open Alpha Case; segment=excluded_market
OA-W-103-1,TikTok,tt_open_alpha_103,@openalpha_pet_103,https://tiktok.example.com/@openalpha_pet_103?utm_source=open_alpha_case,Fully Synthetic Creator 103,100000,30000,4.0%,BR,PT,creator103@open-alpha.example.com,creator,2026-07-29,2026-07-10,2026-07-30T08:00:00Z,2026-07-30T08:00:00Z,false,Fully Synthetic Open Alpha Case; segment=excluded_market
OA-W-104-1,TikTok,tt_open_alpha_104,@openalpha_pet_104,https://tiktok.example.com/@openalpha_pet_104?utm_source=open_alpha_case,Fully Synthetic Creator 104,100000,30000,4.0%,BR,PT,creator104@open-alpha.example.com,creator,2026-07-29,2026-07-10,2026-07-30T08:00:00Z,2026-07-30T08:00:00Z,false,Fully Synthetic Open Alpha Case; segment=excluded_market
OA-W-105-1,TikTok,tt_open_alpha_105,@openalpha_pet_105,https://tiktok.example.com/@openalpha_pet_105?utm_source=open_alpha_case,Fully Synthetic Creator 105,100000,30000,4.0%,BR,PT,creator105@open-alpha.example.com,creator,2026-07-29,2026-07-10,2026-07-30T08:00:00Z,2026-07-30T08:00:00Z,false,Fully Synthetic Open Alpha Case; segment=excluded_market
OA-W-106-1,TikTok,tt_open_alpha_106,@openalpha_pet_106,https://tiktok.example.com/@openalpha_pet_106?utm_source=open_alpha_case,Fully Synthetic Creator 106,100000,30000,4.0%,BR,PT,creator106@open-alpha.example.com,creator,2026-07-29,2026-07-10,2026-07-30T08:00:00Z,2026-07-30T08:00:00Z,false,Fully Synthetic Open Alpha Case; segment=excluded_market
OA-W-107-1,TikTok,tt_open_alpha_107,@openalpha_pet_107,https://tiktok.example.com/@openalpha_pet_107?utm_source=open_alpha_case,Fully Synthetic Creator 107,100000,30000,4.0%,BR,PT,creator107@open-alpha.example.com,creator,2026-07-29,2026-07-10,2026-07-30T08:00:00Z,2026-07-30T08:00:00Z,false,Fully Synthetic Open Alpha Case; segment=excluded_market
OA-W-108-1,TikTok,tt_open_alpha_108,@openalpha_pet_108,https://tiktok.example.com/@openalpha_pet_108?utm_source=open_alpha_case,Fully Synthetic Creator 108,100000,30000,4.0%,BR,PT,creator108@open-alpha.example.com,creator,2026-07-29,2026-07-10,2026-07-30T08:00:00Z,2026-07-30T08:00:00Z,false,Fully Synthetic Open Alpha Case; segment=excluded_market
OA-W-109-1,TikTok,tt_open_alpha_109,@openalpha_pet_109,https://tiktok.example.com/@openalpha_pet_109?utm_source=open_alpha_case,Fully Synthetic Creator 109,100000,30000,4.0%,BR,PT,creator109@open-alpha.example.com,creator,2026-07-29,2026-07-10,2026-07-30T08:00:00Z,2026-07-30T08:00:00Z,false,Fully Synthetic Open Alpha Case; segment=excluded_market
OA-W-110-1,TikTok,tt_open_alpha_110,@openalpha_pet_110,https://tiktok.example.com/@openalpha_pet_110?utm_source=open_alpha_case,Fully Synthetic Creator 110,100000,30000,4.0%,BR,PT,creator110@open-alpha.example.com,creator,2026-07-29,2026-07-10,2026-07-30T08:00:00Z,2026-07-30T08:00:00Z,false,Fully Synthetic Open Alpha Case; segment=excluded_market
OA-W-111-1,TikTok,tt_open_alpha_111,@openalpha_pet_111,https://tiktok.example.com/@openalpha_pet_111?utm_source=open_alpha_case,Fully Synthetic Creator 111,100000,30000,4.0%,BR,PT,creator111@open-alpha.example.com,creator,2026-07-29,2026-07-10,2026-07-30T08:00:00Z,2026-07-30T08:00:00Z,false,Fully Synthetic Open Alpha Case; segment=excluded_market
OA-W-112-1,TikTok,tt_open_alpha_112,@openalpha_pet_112,https://tiktok.example.com/@openalpha_pet_112?utm_source=open_alpha_case,Fully Synthetic Creator 112,100000,30000,4.0%,BR,PT,creator112@open-alpha.example.com,creator,2026-07-29,2026-07-10,2026-07-30T08:00:00Z,2026-07-30T08:00:00Z,false,Fully Synthetic Open Alpha Case; segment=excluded_market
OA-W-113-1,TikTok,tt_open_alpha_113,@openalpha_pet_113,https://tiktok.example.com/@openalpha_pet_113?utm_source=open_alpha_case,Fully Synthetic Creator 113,100000,30000,4.0%,BR,PT,creator113@open-alpha.example.com,creator,2026-07-29,2026-07-10,2026-07-30T08:00:00Z,2026-07-30T08:00:00Z,false,Fully Synthetic Open Alpha Case; segment=excluded_market
OA-W-114-1,TikTok,tt_open_alpha_114,@openalpha_pet_114,https://tiktok.example.com/@openalpha_pet_114?utm_source=open_alpha_case,Fully Synthetic Creator 114,100000,30000,4.0%,BR,PT,creator114@open-alpha.example.com,creator,2026-07-29,2026-07-10,2026-07-30T08:00:00Z,2026-07-30T08:00:00Z,false,Fully Synthetic Open Alpha Case; segment=excluded_market
OA-W-115-1,TikTok,tt_open_alpha_115,@openalpha_pet_115,https://tiktok.example.com/@openalpha_pet_115?utm_source=open_alpha_case,Fully Synthetic Creator 115,100000,30000,4.0%,BR,PT,creator115@open-alpha.example.com,creator,2026-07-29,2026-07-10,2026-07-30T08:00:00Z,2026-07-30T08:00:00Z,false,Fully Synthetic Open Alpha Case; segment=excluded_market
OA-W-116-1,TikTok,tt_open_alpha_116,@openalpha_pet_116,https://tiktok.example.com/@openalpha_pet_116?utm_source=open_alpha_case,Fully Synthetic Creator 116,100000,30000,4.0%,BR,PT,creator116@open-alpha.example.com,creator,2026-07-29,2026-07-10,2026-07-30T08:00:00Z,2026-07-30T08:00:00Z,false,Fully Synthetic Open Alpha Case; segment=excluded_market
OA-W-117-1,TikTok,tt_open_alpha_117,@openalpha_pet_117,https://tiktok.example.com/@openalpha_pet_117?utm_source=open_alpha_case,Fully Synthetic Creator 117,100000,30000,4.0%,BR,PT,creator117@open-alpha.example.com,creator,2026-07-29,2026-07-10,2026-07-30T08:00:00Z,2026-07-30T08:00:00Z,false,Fully Synthetic Open Alpha Case; segment=excluded_market
OA-W-118-1,TikTok,tt_open_alpha_118,@openalpha_pet_118,https://tiktok.example.com/@openalpha_pet_118?utm_source=open_alpha_case,Fully Synthetic Creator 118,100000,30000,4.0%,BR,PT,creator118@open-alpha.example.com,creator,2026-07-29,2026-07-10,2026-07-30T08:00:00Z,2026-07-30T08:00:00Z,false,Fully Synthetic Open Alpha Case; segment=excluded_market
OA-W-119-1,TikTok,tt_open_alpha_119,@openalpha_pet_119,https://tiktok.example.com/@openalpha_pet_119?utm_source=open_alpha_case,Fully Synthetic Creator 119,100000,30000,4.0%,BR,PT,creator119@open-alpha.example.com,creator,2026-07-29,2026-07-10,2026-07-30T08:00:00Z,2026-07-30T08:00:00Z,false,Fully Synthetic Open Alpha Case; segment=excluded_market
OA-W-120-1,TikTok,tt_open_alpha_120,@openalpha_pet_120,https://tiktok.example.com/@openalpha_pet_120?utm_source=open_alpha_case,Fully Synthetic Creator 120,100000,30000,4.0%,BR,PT,creator120@open-alpha.example.com,creator,2026-07-29,2026-07-10,2026-07-30T08:00:00Z,2026-07-30T08:00:00Z,false,Fully Synthetic Open Alpha Case; segment=excluded_market
